Date,Open*,High,Low,Close**,Volume,Market Cap
1-Jun-21,"$37,293.79 ","$37,896.74 ","$35,787.09 ","$36,684.92 ","$34,639,423,297 ","$686,891,021,225 "
31-May-21,"$35,658.59 ","$37,468.25 ","$34,241.94 ","$37,332.85 ","$39,009,847,639 ","$698,990,486,185 "
30-May-21,"$34,607.41 ","$36,400.67 ","$33,520.74 ","$35,678.13 ","$31,646,080,921 ","$667,976,638,398 "
29-May-21,"$35,684.16 ","$37,234.50 ","$33,693.93 ","$34,616.07 ","$45,231,013,335 ","$648,061,013,208 "
28-May-21,"$38,507.08 ","$38,856.97 ","$34,779.04 ","$35,697.61 ","$55,200,191,952 ","$668,283,930,067 "
27-May-21,"$39,316.89 ","$40,379.62 ","$37,247.90 ","$38,436.97 ","$43,210,968,721 ","$719,538,129,128 "
26-May-21,"$38,392.62 ","$40,782.08 ","$37,905.83 ","$39,294.20 ","$51,346,735,160 ","$735,556,411,166 "
25-May-21,"$38,795.78 ","$39,776.35 ","$36,581.43 ","$38,402.22 ","$56,211,915,803 ","$718,829,377,408 "
24-May-21,"$34,700.36 ","$39,835.14 ","$34,551.08 ","$38,705.98 ","$67,359,584,098 ","$724,332,072,424 "
23-May-21,"$37,531.45 ","$38,289.22 ","$31,227.34 ","$34,770.58 ","$78,469,274,361 ","$650,686,270,744 "
22-May-21,"$37,371.03 ","$38,831.05 ","$35,383.68 ","$37,536.63 ","$57,377,273,240 ","$702,449,253,648 "
21-May-21,"$40,596.95 ","$42,172.17 ","$33,616.45 ","$37,304.69 ","$82,051,616,861 ","$698,108,789,817 "
20-May-21,"$36,753.67 ","$42,462.98 ","$35,050.62 ","$40,782.74 ","$88,281,943,359 ","$763,195,929,022 "
19-May-21,"$42,944.98 ","$43,546.12 ","$30,681.50 ","$37,002.44 ","$126,358,098,747 ","$692,452,570,147 "
18-May-21,"$43,488.06 ","$45,812.46 ","$42,367.83 ","$42,909.40 ","$56,187,365,084 ","$802,974,346,863 "
17-May-21,"$46,415.90 ","$46,623.56 ","$42,207.29 ","$43,537.51 ","$74,903,638,450 ","$814,701,646,509 "
16-May-21,"$46,716.64 ","$49,720.04 ","$43,963.35 ","$46,456.06 ","$64,047,871,555 ","$869,279,076,502 "
15-May-21,"$49,855.49 ","$50,639.67 ","$46,664.14 ","$46,760.19 ","$59,161,047,474 ","$874,931,019,742 "
14-May-21,"$49,682.98 ","$51,438.12 ","$48,868.58 ","$49,880.53 ","$55,737,497,453 ","$933,276,901,265 "
13-May-21,"$49,735.43 ","$51,330.84 ","$46,980.02 ","$49,716.19 ","$96,721,152,926 ","$930,161,010,060 "
12-May-21,"$56,714.53 ","$57,939.36 ","$49,150.53 ","$49,150.53 ","$75,215,403,907 ","$919,527,847,950 "
11-May-21,"$55,847.24 ","$56,872.54 ","$54,608.65 ","$56,704.57 ","$61,308,396,325 ","$1,060,790,877,192 "
10-May-21,"$58,250.87 ","$59,519.35 ","$54,071.46 ","$55,859.80 ","$71,776,546,298 ","$1,044,927,337,818 "
9-May-21,"$58,877.39 ","$59,210.88 ","$56,482.00 ","$58,232.32 ","$65,906,690,347 ","$1,089,244,557,676 "
8-May-21,"$57,352.77 ","$59,464.61 ","$56,975.21 ","$58,803.78 ","$65,382,980,634 ","$1,099,863,941,004 "
7-May-21,"$56,413.95 ","$58,606.63 ","$55,321.85 ","$57,356.40 ","$68,434,023,376 ","$1,072,727,435,210 "
6-May-21,"$57,441.31 ","$58,363.31 ","$55,382.51 ","$56,396.51 ","$69,523,285,106 ","$1,054,714,918,675 "
5-May-21,"$53,252.16 ","$57,911.36 ","$52,969.06 ","$57,424.01 ","$69,241,316,747 ","$1,073,873,012,867 "
4-May-21,"$57,214.18 ","$57,214.18 ","$53,191.43 ","$53,333.54 ","$68,564,706,967 ","$997,324,142,593 "
3-May-21,"$56,620.27 ","$58,973.31 ","$56,590.87 ","$57,200.29 ","$51,713,139,031 ","$1,069,563,935,453 "
2-May-21,"$57,825.86 ","$57,902.59 ","$56,141.91 ","$56,631.08 ","$38,177,405,335 ","$1,058,862,005,057 "
1-May-21,"$57,714.66 ","$58,448.34 ","$57,052.27 ","$57,828.05 ","$42,836,427,360 ","$1,081,174,515,343 "
30-Apr-21,"$53,568.66 ","$57,900.72 ","$53,129.60 ","$57,750.18 ","$52,395,931,985 ","$1,079,669,884,320 "
29-Apr-21,"$54,858.09 ","$55,115.84 ","$52,418.03 ","$53,555.11 ","$46,088,929,780 ","$1,001,193,634,072 "
28-Apr-21,"$55,036.64 ","$56,227.21 ","$53,887.92 ","$54,824.70 ","$48,000,572,955 ","$1,024,888,208,734 "
27-Apr-21,"$54,030.30 ","$55,416.96 ","$53,319.19 ","$55,033.12 ","$49,448,222,757 ","$1,028,733,359,592 "
26-Apr-21,"$49,077.79 ","$54,288.00 ","$48,852.80 ","$54,021.75 ","$58,284,039,825 ","$1,009,780,042,661 "
25-Apr-21,"$50,052.83 ","$50,506.02 ","$47,159.49 ","$49,004.25 ","$46,117,114,240 ","$915,955,943,256 "
24-Apr-21,"$51,143.23 ","$51,167.56 ","$48,805.28 ","$50,050.87 ","$49,014,494,781 ","$935,471,648,213 "
23-Apr-21,"$51,739.81 ","$52,120.79 ","$47,714.66 ","$51,093.65 ","$86,668,667,320 ","$954,919,230,092 "
22-Apr-21,"$53,857.11 ","$55,410.23 ","$50,583.81 ","$51,762.27 ","$74,798,630,778 ","$967,372,472,375 "
21-Apr-21,"$56,471.13 ","$56,757.97 ","$53,695.47 ","$53,906.09 ","$54,926,612,466 ","$1,007,389,534,360 "
20-Apr-21,"$55,681.79 ","$57,062.15 ","$53,448.05 ","$56,473.03 ","$67,849,323,955 ","$1,055,323,526,514 "
19-Apr-21,"$56,191.58 ","$57,520.05 ","$54,368.59 ","$55,724.27 ","$65,344,865,159 ","$1,041,287,672,154 "
18-Apr-21,"$60,701.89 ","$61,057.46 ","$52,829.54 ","$56,216.19 ","$97,468,872,758 ","$1,050,445,401,610 "
17-Apr-21,"$61,529.92 ","$62,572.18 ","$60,361.35 ","$60,683.82 ","$66,138,759,198 ","$1,133,882,479,237 "
16-Apr-21,"$63,258.51 ","$63,594.72 ","$60,222.53 ","$61,572.79 ","$84,293,007,468 ","$1,150,457,156,740 "
15-Apr-21,"$63,075.20 ","$63,821.67 ","$62,208.96 ","$63,314.01 ","$60,954,381,579 ","$1,182,945,492,744 "
14-Apr-21,"$63,523.75 ","$64,863.10 ","$61,554.80 ","$63,109.70 ","$77,451,779,687 ","$1,179,061,093,980 "
13-Apr-21,"$59,890.02 ","$63,742.28 ","$59,869.96 ","$63,503.46 ","$69,983,454,362 ","$1,186,364,044,140 "
12-Apr-21,"$60,175.94 ","$61,253.04 ","$59,589.87 ","$59,893.45 ","$51,828,688,519 ","$1,118,871,072,069 "
11-Apr-21,"$59,846.23 ","$60,790.56 ","$59,289.80 ","$60,204.96 ","$46,280,252,580 ","$1,124,635,848,775 "
10-Apr-21,"$58,253.78 ","$61,276.67 ","$58,038.71 ","$59,793.24 ","$58,238,470,525 ","$1,116,889,802,872 "
9-Apr-21,"$58,326.56 ","$58,937.05 ","$57,807.86 ","$58,245.00 ","$46,655,208,546 ","$1,087,911,057,870 "
8-Apr-21,"$56,099.91 ","$58,338.74 ","$55,879.08 ","$58,323.95 ","$53,053,855,641 ","$1,089,334,328,139 "
7-Apr-21,"$58,186.51 ","$58,731.14 ","$55,604.02 ","$56,048.94 ","$75,645,303,584 ","$1,046,793,054,753 "
6-Apr-21,"$59,171.93 ","$59,479.58 ","$57,646.81 ","$58,192.36 ","$66,058,027,988 ","$1,086,769,183,295 "
5-Apr-21,"$58,760.87 ","$59,891.30 ","$57,694.83 ","$59,057.88 ","$60,706,272,115 ","$1,102,880,790,089 "
4-Apr-21,"$57,604.84 ","$58,913.75 ","$57,168.68 ","$58,758.56 ","$50,749,662,970 ","$1,097,232,660,348 "
3-Apr-21,"$59,397.41 ","$60,110.27 ","$57,603.89 ","$57,603.89 ","$59,641,344,484 ","$1,075,617,261,180 "
2-Apr-21,"$59,098.88 ","$60,267.19 ","$58,869.28 ","$59,384.31 ","$58,727,860,620 ","$1,108,813,863,083 "
1-Apr-21,"$58,926.56 ","$59,586.07 ","$58,505.28 ","$59,095.81 ","$61,669,163,792 ","$1,103,377,830,758 "
31-Mar-21,"$58,930.28 ","$59,930.03 ","$57,726.42 ","$58,918.83 ","$65,520,826,225 ","$1,100,016,786,763 "
30-Mar-21,"$57,750.13 ","$59,447.22 ","$57,251.55 ","$58,917.69 ","$54,414,116,432 ","$1,099,939,890,804 "
29-Mar-21,"$55,947.90 ","$58,342.10 ","$55,139.34 ","$57,750.20 ","$57,625,587,027 ","$1,078,088,296,477 "
28-Mar-21,"$55,974.94 ","$56,610.31 ","$55,071.11 ","$55,950.75 ","$47,686,580,918 ","$1,044,446,559,059 "
27-Mar-21,"$55,137.57 ","$56,568.22 ","$54,242.91 ","$55,973.51 ","$47,266,542,233 ","$1,044,814,147,412 "
26-Mar-21,"$51,683.01 ","$55,137.31 ","$51,579.86 ","$55,137.31 ","$56,652,197,978 ","$1,029,150,697,411 "
25-Mar-21,"$52,726.75 ","$53,392.39 ","$50,856.57 ","$51,704.16 ","$67,999,812,841 ","$965,028,762,666 "
24-Mar-21,"$54,710.49 ","$57,262.38 ","$52,514.33 ","$52,774.26 ","$70,567,223,787 ","$984,948,142,898 "
23-Mar-21,"$54,511.66 ","$55,985.44 ","$53,470.69 ","$54,738.94 ","$56,435,023,914 ","$1,021,563,479,682 "
22-Mar-21,"$57,517.89 ","$58,471.48 ","$54,288.16 ","$54,529.15 ","$56,521,454,974 ","$1,017,595,269,117 "
21-Mar-21,"$58,309.91 ","$58,767.90 ","$56,005.62 ","$57,523.42 ","$51,943,414,539 ","$1,073,417,235,408 "
20-Mar-21,"$58,332.26 ","$60,031.29 ","$58,213.30 ","$58,313.64 ","$50,361,731,222 ","$1,088,105,221,978 "
19-Mar-21,"$57,850.44 ","$59,498.38 ","$56,643.70 ","$58,346.65 ","$49,063,873,786 ","$1,088,666,450,746 "
18-Mar-21,"$58,893.08 ","$60,116.25 ","$54,253.58 ","$57,858.92 ","$55,746,041,000 ","$1,079,511,086,884 "
17-Mar-21,"$56,825.83 ","$58,969.82 ","$54,528.63 ","$58,870.89 ","$60,258,313,191 ","$1,098,337,655,327 "
16-Mar-21,"$55,840.79 ","$56,833.18 ","$53,555.03 ","$56,804.90 ","$59,749,798,599 ","$1,059,745,818,423 "
15-Mar-21,"$59,267.43 ","$60,540.99 ","$55,393.17 ","$55,907.20 ","$66,419,369,890 ","$1,042,946,024,860 "
14-Mar-21,"$61,221.13 ","$61,597.92 ","$59,302.32 ","$59,302.32 ","$43,901,225,564 ","$1,106,226,132,525 "
13-Mar-21,"$57,343.37 ","$61,683.86 ","$56,217.97 ","$61,243.08 ","$60,669,829,814 ","$1,142,369,158,667 "
12-Mar-21,"$57,821.22 ","$57,996.62 ","$55,376.65 ","$57,332.09 ","$55,689,944,702 ","$1,069,366,321,844 "
11-Mar-21,"$55,963.18 ","$58,091.06 ","$54,484.59 ","$57,805.12 ","$56,772,343,595 ","$1,078,135,604,118 "
10-Mar-21,"$54,824.01 ","$57,258.25 ","$53,290.89 ","$56,008.55 ","$57,295,577,614 ","$1,044,580,057,477 "
9-Mar-21,"$52,272.97 ","$54,824.12 ","$51,981.83 ","$54,824.12 ","$50,912,227,385 ","$1,022,439,972,862 "
8-Mar-21,"$51,174.12 ","$52,314.07 ","$49,506.05 ","$52,246.52 ","$48,597,428,048 ","$974,321,883,623 "
7-Mar-21,"$48,918.68 ","$51,384.37 ","$48,918.68 ","$51,206.69 ","$43,137,459,378 ","$954,880,954,585 "
6-Mar-21,"$48,899.23 ","$49,147.22 ","$47,257.53 ","$48,912.38 ","$34,363,564,661 ","$912,054,166,029 "
5-Mar-21,"$48,527.03 ","$49,396.43 ","$46,542.51 ","$48,927.30 ","$48,625,928,883 ","$912,285,065,720 "
4-Mar-21,"$50,522.31 ","$51,735.09 ","$47,656.93 ","$48,561.17 ","$52,343,816,680 ","$905,414,104,807 "
3-Mar-21,"$48,415.81 ","$52,535.14 ","$48,274.32 ","$50,538.24 ","$53,220,811,975 ","$942,236,576,905 "
2-Mar-21,"$49,612.11 ","$50,127.51 ","$47,228.85 ","$48,378.99 ","$47,530,897,720 ","$901,933,683,269 "
1-Mar-21,"$45,159.50 ","$49,784.02 ","$45,115.09 ","$49,631.24 ","$53,891,300,112 ","$925,235,527,882 "
28-Feb-21,"$46,194.02 ","$46,716.43 ","$43,241.62 ","$45,137.77 ","$53,443,887,451 ","$841,428,977,515 "
27-Feb-21,"$46,344.77 ","$48,253.27 ","$45,269.03 ","$46,188.45 ","$45,910,946,382 ","$860,978,135,421 "
26-Feb-21,"$47,180.46 ","$48,370.79 ","$44,454.84 ","$46,339.76 ","$350,967,941,479 ","$863,752,275,053 "
25-Feb-21,"$49,709.08 ","$51,948.97 ","$47,093.85 ","$47,093.85 ","$54,506,565,949 ","$877,766,126,138 "
24-Feb-21,"$48,835.09 ","$51,290.14 ","$47,213.50 ","$49,705.33 ","$63,695,521,388 ","$926,393,090,751 "
23-Feb-21,"$54,204.93 ","$54,204.93 ","$45,290.59 ","$48,824.43 ","$106,102,492,824 ","$909,925,854,460 "
22-Feb-21,"$57,532.74 ","$57,533.39 ","$48,967.57 ","$54,207.32 ","$92,052,420,332 ","$1,010,205,212,981 "
21-Feb-21,"$56,068.57 ","$58,330.57 ","$55,672.61 ","$57,539.94 ","$51,897,585,191 ","$1,072,263,294,725 "
20-Feb-21,"$55,887.34 ","$57,505.23 ","$54,626.56 ","$56,099.52 ","$68,145,460,026 ","$1,045,371,087,640 "
19-Feb-21,"$51,675.98 ","$56,113.65 ","$50,937.28 ","$55,888.13 ","$63,495,496,918 ","$1,041,380,696,669 "
18-Feb-21,"$52,140.97 ","$52,474.11 ","$51,015.76 ","$51,679.80 ","$52,054,723,579 ","$962,915,078,024 "
17-Feb-21,"$49,207.28 ","$52,533.91 ","$49,072.38 ","$52,149.01 ","$80,820,545,404 ","$971,611,626,454 "
16-Feb-21,"$47,944.46 ","$50,341.10 ","$47,201.30 ","$49,199.87 ","$77,049,582,886 ","$916,623,418,254 "
15-Feb-21,"$48,696.54 ","$48,875.57 ","$46,347.48 ","$47,945.06 ","$77,069,903,166 ","$893,210,080,039 "
14-Feb-21,"$47,114.51 ","$49,487.64 ","$47,114.51 ","$48,717.29 ","$71,248,675,228 ","$907,551,330,153 "
13-Feb-21,"$47,491.20 ","$48,047.74 ","$46,392.28 ","$47,105.52 ","$70,250,456,155 ","$877,478,894,464 "
12-Feb-21,"$47,877.03 ","$48,745.73 ","$46,424.98 ","$47,504.85 ","$76,555,041,196 ","$884,874,050,612 "
11-Feb-21,"$44,898.71 ","$48,463.47 ","$44,187.76 ","$47,909.33 ","$81,388,911,810 ","$892,364,856,136 "
10-Feb-21,"$46,469.76 ","$47,145.57 ","$43,881.15 ","$44,918.18 ","$87,301,089,896 ","$836,616,907,527 "
9-Feb-21,"$46,184.99 ","$48,003.72 ","$45,166.96 ","$46,481.10 ","$91,809,846,886 ","$865,682,956,619 "
8-Feb-21,"$38,886.83 ","$46,203.93 ","$38,076.32 ","$46,196.46 ","$101,467,222,687 ","$860,342,706,260 "
7-Feb-21,"$39,250.19 ","$39,621.84 ","$37,446.15 ","$38,903.44 ","$65,500,641,143 ","$724,478,833,211 "
6-Feb-21,"$38,138.39 ","$40,846.55 ","$38,138.39 ","$39,266.01 ","$71,326,033,653 ","$731,192,490,093 "
5-Feb-21,"$36,931.55 ","$38,225.91 ","$36,658.76 ","$38,144.31 ","$58,598,066,402 ","$710,266,752,534 "
4-Feb-21,"$37,475.10 ","$38,592.18 ","$36,317.50 ","$36,926.06 ","$68,838,074,392 ","$687,542,752,523 "
3-Feb-21,"$35,510.82 ","$37,480.19 ","$35,443.98 ","$37,472.09 ","$61,166,818,159 ","$697,672,910,488 "
2-Feb-21,"$33,533.20 ","$35,896.88 ","$33,489.22 ","$35,510.29 ","$63,088,585,433 ","$661,114,581,664 "
1-Feb-21,"$33,114.58 ","$34,638.21 ","$32,384.23 ","$33,537.18 ","$61,400,400,660 ","$624,349,044,409 "
31-Jan-21,"$34,270.88 ","$34,288.33 ","$32,270.18 ","$33,114.36 ","$52,754,542,671 ","$616,452,744,533 "
30-Jan-21,"$34,295.94 ","$34,834.71 ","$32,940.19 ","$34,269.52 ","$65,141,828,798 ","$637,924,573,284 "
29-Jan-21,"$34,318.67 ","$38,406.26 ","$32,064.81 ","$34,316.39 ","$117,894,572,511 ","$638,768,671,362 "
28-Jan-21,"$30,441.04 ","$33,858.31 ","$30,023.21 ","$33,466.10 ","$76,517,157,706 ","$622,910,073,820 "
27-Jan-21,"$32,564.03 ","$32,564.03 ","$29,367.14 ","$30,432.55 ","$62,576,762,015 ","$566,417,413,554 "
26-Jan-21,"$32,358.61 ","$32,794.55 ","$31,030.27 ","$32,569.85 ","$60,255,421,470 ","$606,169,260,387 "
25-Jan-21,"$32,285.80 ","$34,802.74 ","$32,087.79 ","$32,366.39 ","$59,897,054,838 ","$602,350,097,075 "
24-Jan-21,"$32,064.38 ","$32,944.01 ","$31,106.69 ","$32,289.38 ","$48,643,830,599 ","$600,888,568,010 "
23-Jan-21,"$32,985.76 ","$33,360.98 ","$31,493.16 ","$32,067.64 ","$48,354,737,975 ","$596,733,137,645 "
22-Jan-21,"$30,817.63 ","$33,811.85 ","$28,953.37 ","$33,005.76 ","$77,207,272,511 ","$614,160,521,492 "
21-Jan-21,"$35,549.40 ","$35,552.68 ","$30,250.75 ","$30,825.70 ","$75,643,067,688 ","$573,565,664,943 "
20-Jan-21,"$36,050.11 ","$36,378.33 ","$33,570.48 ","$35,547.75 ","$66,834,573,161 ","$661,400,102,161 "
19-Jan-21,"$36,642.23 ","$37,755.89 ","$36,069.81 ","$36,069.81 ","$57,244,195,486 ","$671,081,200,700 "
18-Jan-21,"$35,792.24 ","$37,299.29 ","$34,883.84 ","$36,630.08 ","$49,511,702,429 ","$681,470,030,572 "
17-Jan-21,"$36,163.65 ","$36,722.35 ","$34,069.32 ","$35,791.28 ","$52,359,854,336 ","$665,831,621,391 "
16-Jan-21,"$36,821.65 ","$37,864.37 ","$35,633.55 ","$36,178.14 ","$57,706,187,875 ","$673,000,645,231 "
15-Jan-21,"$39,156.71 ","$39,577.71 ","$34,659.59 ","$36,825.37 ","$67,760,757,881 ","$685,005,864,471 "
14-Jan-21,"$37,325.11 ","$39,966.41 ","$36,868.56 ","$39,187.33 ","$63,615,990,033 ","$728,904,366,964 "
13-Jan-21,"$33,915.12 ","$37,599.96 ","$32,584.67 ","$37,316.36 ","$69,364,315,979 ","$694,069,582,194 "
12-Jan-21,"$35,516.36 ","$36,568.53 ","$32,697.98 ","$33,922.96 ","$74,773,277,909 ","$630,920,422,745 "
11-Jan-21,"$38,346.53 ","$38,346.53 ","$30,549.60 ","$35,566.66 ","$123,320,567,399 ","$661,457,321,418 "
10-Jan-21,"$40,254.22 ","$41,420.19 ","$35,984.63 ","$38,356.44 ","$79,980,747,690 ","$713,304,617,761 "
9-Jan-21,"$40,788.64 ","$41,436.35 ","$38,980.88 ","$40,254.55 ","$61,984,162,837 ","$748,563,483,043 "
8-Jan-21,"$39,381.77 ","$41,946.74 ","$36,838.64 ","$40,797.61 ","$88,107,519,480 ","$758,625,941,267 "
7-Jan-21,"$36,833.87 ","$40,180.37 ","$36,491.19 ","$39,371.04 ","$84,762,141,031 ","$732,062,681,138 "
6-Jan-21,"$34,013.61 ","$36,879.70 ","$33,514.03 ","$36,824.36 ","$75,289,433,811 ","$684,671,246,324 "
5-Jan-21,"$31,977.04 ","$34,437.59 ","$30,221.19 ","$33,992.43 ","$67,547,324,782 ","$631,980,005,970 "
4-Jan-21,"$32,810.95 ","$33,440.22 ","$28,722.76 ","$31,971.91 ","$81,163,475,344 ","$594,384,025,391 "
3-Jan-21,"$32,129.41 ","$34,608.56 ","$32,052.32 ","$32,782.02 ","$78,665,235,202 ","$609,409,213,147 "
2-Jan-21,"$29,376.46 ","$33,155.12 ","$29,091.18 ","$32,127.27 ","$67,865,420,765 ","$597,205,944,669 "
1-Jan-21,"$28,994.01 ","$29,600.63 ","$28,803.59 ","$29,374.15 ","$40,730,301,359 ","$546,001,594,838 "
31-Dec-20,"$28,841.57 ","$29,244.88 ","$28,201.99 ","$29,001.72 ","$46,754,964,848 ","$539,051,138,108 "
30-Dec-20,"$27,360.09 ","$28,937.74 ","$27,360.09 ","$28,840.95 ","$51,287,442,704 ","$536,033,807,161 "
29-Dec-20,"$27,081.81 ","$27,370.72 ","$25,987.30 ","$27,362.44 ","$45,265,946,774 ","$508,523,687,097 "
28-Dec-20,"$26,280.82 ","$27,389.11 ","$26,207.64 ","$27,084.81 ","$49,056,742,893 ","$503,339,329,917 "
27-Dec-20,"$26,439.37 ","$28,288.84 ","$25,922.77 ","$26,272.29 ","$66,479,895,605 ","$488,213,268,382 "
26-Dec-20,"$24,677.02 ","$26,718.07 ","$24,522.69 ","$26,437.04 ","$48,332,647,295 ","$491,250,863,157 "
25-Dec-20,"$23,733.57 ","$24,710.10 ","$23,463.67 ","$24,664.79 ","$42,068,395,846 ","$458,297,232,692 "
24-Dec-20,"$23,240.20 ","$23,768.34 ","$22,777.60 ","$23,735.95 ","$41,080,759,713 ","$441,017,197,764 "
23-Dec-20,"$23,781.97 ","$24,024.49 ","$22,802.65 ","$23,241.34 ","$51,146,161,904 ","$431,808,778,580 "
22-Dec-20,"$22,794.04 ","$23,789.90 ","$22,430.60 ","$23,783.03 ","$44,171,632,681 ","$441,850,902,134 "
21-Dec-20,"$23,474.46 ","$24,059.98 ","$22,159.37 ","$22,803.08 ","$45,852,713,981 ","$423,625,088,584 "
20-Dec-20,"$23,861.77 ","$24,209.66 ","$23,147.71 ","$23,477.30 ","$37,844,228,422 ","$436,129,331,482 "
19-Dec-20,"$23,132.87 ","$24,085.86 ","$22,826.47 ","$23,869.83 ","$38,487,546,580 ","$443,399,267,277 "
18-Dec-20,"$22,806.80 ","$23,238.60 ","$22,399.81 ","$23,137.96 ","$40,387,896,275 ","$429,781,092,528 "
17-Dec-20,"$21,308.35 ","$23,642.66 ","$21,234.68 ","$22,805.16 ","$71,378,606,374 ","$423,576,934,966 "
16-Dec-20,"$19,418.82 ","$21,458.91 ","$19,298.32 ","$21,310.60 ","$44,409,011,479 ","$395,799,863,746 "
15-Dec-20,"$19,246.92 ","$19,525.01 ","$19,079.84 ","$19,417.08 ","$26,741,982,542 ","$360,614,771,027 "
14-Dec-20,"$19,144.49 ","$19,305.10 ","$19,012.71 ","$19,246.64 ","$22,473,997,681 ","$357,432,550,020 "
13-Dec-20,"$18,806.77 ","$19,381.54 ","$18,734.33 ","$19,142.38 ","$25,450,468,637 ","$355,479,173,806 "
12-Dec-20,"$18,051.32 ","$18,919.55 ","$18,046.04 ","$18,803.66 ","$21,752,580,802 ","$349,170,613,899 "
11-Dec-20,"$18,263.93 ","$18,268.45 ","$17,619.53 ","$18,058.90 ","$27,919,640,985 ","$335,326,168,919 "
10-Dec-20,"$18,553.30 ","$18,553.30 ","$17,957.07 ","$18,264.99 ","$25,547,132,265 ","$339,136,939,586 "
9-Dec-20,"$18,320.88 ","$18,626.29 ","$17,935.55 ","$18,553.92 ","$34,420,373,071 ","$344,486,483,494 "
8-Dec-20,"$19,191.53 ","$19,283.48 ","$18,269.95 ","$18,321.14 ","$31,692,288,756 ","$340,148,764,252 "
7-Dec-20,"$19,343.13 ","$19,411.83 ","$18,931.14 ","$19,191.63 ","$26,896,357,742 ","$356,293,229,783 "
6-Dec-20,"$19,154.18 ","$19,390.50 ","$18,897.89 ","$19,345.12 ","$25,293,775,714 ","$359,123,541,247 "
5-Dec-20,"$18,698.39 ","$19,160.45 ","$18,590.19 ","$19,154.23 ","$27,242,455,064 ","$355,563,938,256 "
4-Dec-20,"$19,446.97 ","$19,511.40 ","$18,697.19 ","$18,699.77 ","$33,872,388,058 ","$347,111,351,136 "
3-Dec-20,"$19,205.93 ","$19,566.19 ","$18,925.78 ","$19,445.40 ","$31,930,317,405 ","$360,933,936,017 "
2-Dec-20,"$18,801.74 ","$19,308.33 ","$18,347.72 ","$19,201.09 ","$37,387,697,139 ","$356,381,007,571 "
1-Dec-20,"$19,633.77 ","$19,845.98 ","$18,321.92 ","$18,803.00 ","$49,633,658,712 ","$348,976,597,318 "
30-Nov-20,"$18,178.32 ","$19,749.26 ","$18,178.32 ","$19,625.84 ","$47,728,480,399 ","$364,229,729,426 "
29-Nov-20,"$17,719.63 ","$18,283.63 ","$17,559.12 ","$18,177.48 ","$31,133,957,704 ","$337,336,592,123 "
28-Nov-20,"$17,112.93 ","$17,853.94 ","$16,910.65 ","$17,717.42 ","$32,601,040,734 ","$328,782,832,212 "
27-Nov-20,"$17,153.91 ","$17,445.02 ","$16,526.42 ","$17,108.40 ","$38,886,494,645 ","$317,464,460,530 "
26-Nov-20,"$18,729.84 ","$18,866.29 ","$16,351.03 ","$17,150.62 ","$61,396,835,737 ","$318,231,964,319 "
25-Nov-20,"$19,104.41 ","$19,390.97 ","$18,581.15 ","$18,732.12 ","$43,710,357,371 ","$347,558,803,507 "
24-Nov-20,"$18,365.01 ","$19,348.27 ","$18,128.66 ","$19,107.46 ","$51,469,565,009 ","$354,504,361,032 "
23-Nov-20,"$18,370.02 ","$18,711.43 ","$18,000.80 ","$18,364.12 ","$42,741,112,308 ","$340,698,070,308 "
22-Nov-20,"$18,642.23 ","$18,688.97 ","$17,671.38 ","$18,370.00 ","$41,280,434,226 ","$340,790,183,317 "
21-Nov-20,"$18,621.32 ","$18,936.62 ","$18,444.36 ","$18,642.23 ","$39,650,210,707 ","$345,819,234,185 "
20-Nov-20,"$17,817.08 ","$18,773.23 ","$17,765.80 ","$18,621.31 ","$36,992,873,940 ","$345,411,881,099 "
19-Nov-20,"$17,803.86 ","$18,119.55 ","$17,382.55 ","$17,817.09 ","$36,985,055,355 ","$330,475,167,134 "
18-Nov-20,"$17,645.19 ","$18,393.95 ","$17,352.91 ","$17,804.01 ","$49,064,800,278 ","$330,218,014,062 "
17-Nov-20,"$16,685.69 ","$17,782.92 ","$16,564.54 ","$17,645.41 ","$39,006,849,170 ","$327,257,094,857 "
16-Nov-20,"$15,955.58 ","$16,816.18 ","$15,880.71 ","$16,716.11 ","$31,526,766,675 ","$309,889,423,249 "
15-Nov-20,"$16,068.14 ","$16,123.11 ","$15,793.53 ","$15,955.59 ","$23,653,867,583 ","$295,790,551,598 "
14-Nov-20,"$16,317.81 ","$16,317.81 ","$15,749.19 ","$16,068.14 ","$27,481,710,135 ","$297,877,068,423 "
13-Nov-20,"$16,276.44 ","$16,463.18 ","$15,992.15 ","$16,317.81 ","$31,599,492,172 ","$302,505,533,181 "
12-Nov-20,"$15,701.30 ","$16,305.00 ","$15,534.77 ","$16,276.34 ","$34,175,758,344 ","$301,736,853,825 "
11-Nov-20,"$15,290.91 ","$15,916.26 ","$15,290.01 ","$15,701.34 ","$29,772,374,934 ","$291,077,214,052 "
10-Nov-20,"$15,332.35 ","$15,450.33 ","$15,124.96 ","$15,290.90 ","$25,574,938,143 ","$283,468,380,961 "
9-Nov-20,"$15,479.60 ","$15,785.14 ","$14,865.53 ","$15,332.32 ","$34,149,115,566 ","$284,236,108,837 "
8-Nov-20,"$14,833.75 ","$15,637.32 ","$14,744.11 ","$15,479.57 ","$26,632,075,029 ","$286,955,182,899 "
7-Nov-20,"$15,565.88 ","$15,737.10 ","$14,423.20 ","$14,833.75 ","$35,024,953,706 ","$274,970,333,140 "
6-Nov-20,"$15,579.73 ","$15,903.44 ","$15,226.84 ","$15,565.88 ","$39,837,841,971 ","$288,526,920,960 "
5-Nov-20,"$14,133.73 ","$15,706.40 ","$14,102.09 ","$15,579.85 ","$40,856,321,439 ","$288,771,509,681 "
4-Nov-20,"$13,950.49 ","$14,218.77 ","$13,580.47 ","$14,133.71 ","$35,116,364,962 ","$261,954,213,176 "
3-Nov-20,"$13,550.45 ","$13,984.98 ","$13,325.44 ","$13,950.30 ","$29,869,951,617 ","$258,541,441,764 "
2-Nov-20,"$13,737.03 ","$13,808.32 ","$13,243.16 ","$13,550.49 ","$30,771,455,468 ","$251,119,864,445 "
1-Nov-20,"$13,780.99 ","$13,862.03 ","$13,628.38 ","$13,737.11 ","$24,453,857,900 ","$254,569,759,063 "
31-Oct-20,"$13,546.53 ","$14,028.21 ","$13,457.53 ","$13,780.99 ","$30,306,464,719 ","$255,372,071,116 "
30-Oct-20,"$13,437.87 ","$13,651.52 ","$13,136.20 ","$13,546.52 ","$30,581,485,201 ","$251,018,154,920 "
29-Oct-20,"$13,271.30 ","$13,612.05 ","$12,980.06 ","$13,437.88 ","$56,499,499,598 ","$248,995,322,466 "
28-Oct-20,"$13,654.21 ","$13,837.70 ","$12,932.25 ","$13,271.29 ","$35,867,318,895 ","$245,899,824,465 "
27-Oct-20,"$13,075.24 ","$13,759.67 ","$13,060.84 ","$13,654.22 ","$33,749,878,156 ","$252,985,946,390 "
26-Oct-20,"$13,031.20 ","$13,225.30 ","$12,822.38 ","$13,075.25 ","$29,461,458,313 ","$242,250,997,936 "
25-Oct-20,"$13,108.06 ","$13,329.18 ","$12,910.06 ","$13,031.17 ","$24,406,920,575 ","$241,425,217,440 "
24-Oct-20,"$12,931.57 ","$13,145.07 ","$12,885.75 ","$13,108.06 ","$24,542,317,940 ","$242,839,876,186 "
23-Oct-20,"$12,971.55 ","$13,015.96 ","$12,752.65 ","$12,931.54 ","$28,974,975,003 ","$239,557,562,148 "
22-Oct-20,"$12,801.64 ","$13,161.59 ","$12,717.09 ","$12,965.89 ","$34,729,759,598 ","$240,166,387,522 "
21-Oct-20,"$11,913.08 ","$13,184.57 ","$11,900.93 ","$12,823.69 ","$43,414,712,626 ","$237,532,386,963 "
20-Oct-20,"$11,745.97 ","$11,999.92 ","$11,681.48 ","$11,916.34 ","$30,915,821,592 ","$220,721,282,865 "
19-Oct-20,"$11,495.04 ","$11,799.09 ","$11,408.29 ","$11,742.04 ","$23,860,769,928 ","$217,482,407,293 "
18-Oct-20,"$11,355.98 ","$11,483.36 ","$11,347.58 ","$11,483.36 ","$18,283,314,340 ","$212,682,581,771 "
17-Oct-20,"$11,322.12 ","$11,386.26 ","$11,285.35 ","$11,358.10 ","$19,130,430,174 ","$210,353,665,235 "
16-Oct-20,"$11,502.83 ","$11,540.06 ","$11,223.01 ","$11,322.12 ","$25,635,480,772 ","$209,676,088,344 "
15-Oct-20,"$11,426.60 ","$11,569.91 ","$11,303.60 ","$11,495.35 ","$24,487,233,058 ","$212,873,103,428 "
14-Oct-20,"$11,429.05 ","$11,539.98 ","$11,307.83 ","$11,429.51 ","$24,103,426,719 ","$211,643,390,713 "
13-Oct-20,"$11,548.72 ","$11,548.98 ","$11,321.22 ","$11,425.90 ","$24,241,420,251 ","$211,565,586,739 "
12-Oct-20,"$11,392.64 ","$11,698.47 ","$11,240.69 ","$11,555.36 ","$26,163,972,642 ","$213,950,143,824 "
11-Oct-20,"$11,296.08 ","$11,428.81 ","$11,288.63 ","$11,384.18 ","$19,968,627,060 ","$210,766,812,992 "
10-Oct-20,"$11,059.14 ","$11,442.21 ","$11,056.94 ","$11,296.36 ","$22,877,978,588 ","$209,130,239,495 "
9-Oct-20,"$10,927.91 ","$11,102.67 ","$10,846.85 ","$11,064.46 ","$22,799,117,613 ","$204,827,451,843 "
8-Oct-20,"$10,669.37 ","$10,945.74 ","$10,562.61 ","$10,915.69 ","$63,314,794,397 ","$202,064,144,550 "
7-Oct-20,"$10,603.36 ","$10,680.51 ","$10,562.51 ","$10,668.97 ","$37,799,458,436 ","$197,485,816,055 "
6-Oct-20,"$10,796.31 ","$10,797.58 ","$10,528.89 ","$10,604.41 ","$42,623,695,307 ","$196,281,911,458 "
5-Oct-20,"$10,676.53 ","$10,793.51 ","$10,634.60 ","$10,793.34 ","$47,537,578,009 ","$199,769,602,128 "
4-Oct-20,"$10,550.44 ","$10,686.00 ","$10,534.39 ","$10,669.58 ","$71,251,776,995 ","$197,468,899,357 "
3-Oct-20,"$10,575.10 ","$10,598.94 ","$10,511.13 ","$10,549.33 ","$44,660,271,563 ","$195,233,191,301 "
2-Oct-20,"$10,619.82 ","$10,657.84 ","$10,416.69 ","$10,575.98 ","$48,661,453,918 ","$195,716,085,732 "
1-Oct-20,"$10,795.25 ","$10,933.62 ","$10,472.36 ","$10,619.45 ","$40,023,134,100 ","$196,512,086,756 "
30-Sep-20,"$10,843.87 ","$10,847.26 ","$10,669.32 ","$10,784.49 ","$44,171,073,700 ","$199,556,965,504 "
29-Sep-20,"$10,709.65 ","$10,860.00 ","$10,649.50 ","$10,844.64 ","$46,582,396,602 ","$200,660,083,839 "
28-Sep-20,"$10,776.61 ","$10,945.35 ","$10,703.89 ","$10,709.65 ","$47,762,394,731 ","$198,154,065,044 "
27-Sep-20,"$10,746.89 ","$10,803.98 ","$10,622.92 ","$10,775.27 ","$53,745,972,818 ","$199,357,967,523 "
26-Sep-20,"$10,695.58 ","$10,773.00 ","$10,667.28 ","$10,750.72 ","$46,852,525,493 ","$198,893,019,774 "
25-Sep-20,"$10,761.11 ","$10,777.70 ","$10,578.91 ","$10,692.72 ","$39,348,590,957 ","$197,809,986,226 "
24-Sep-20,"$10,248.79 ","$10,771.06 ","$10,231.49 ","$10,760.07 ","$47,144,380,902 ","$199,045,623,654 "
23-Sep-20,"$10,535.49 ","$10,537.83 ","$10,197.86 ","$10,246.19 ","$23,788,661,867 ","$189,529,920,746 "
22-Sep-20,"$10,459.62 ","$10,568.08 ","$10,382.73 ","$10,538.46 ","$23,621,787,804 ","$194,932,197,947 "
21-Sep-20,"$10,934.93 ","$10,988.30 ","$10,380.26 ","$10,462.26 ","$28,884,999,244 ","$193,514,327,128 "
20-Sep-20,"$11,095.87 ","$11,095.87 ","$10,814.48 ","$10,938.27 ","$24,699,523,788 ","$202,308,927,892 "
19-Sep-20,"$10,933.75 ","$11,134.09 ","$10,909.62 ","$11,094.35 ","$22,764,204,008 ","$205,185,696,336 "
18-Sep-20,"$10,951.82 ","$11,034.91 ","$10,829.66 ","$10,944.59 ","$26,341,903,912 ","$202,405,809,881 "
17-Sep-20,"$10,973.25 ","$11,037.42 ","$10,774.63 ","$10,948.99 ","$38,151,810,523 ","$202,475,761,712 "
16-Sep-20,"$10,797.76 ","$11,100.12 ","$10,704.88 ","$10,974.90 ","$30,769,986,455 ","$202,942,925,722 "
15-Sep-20,"$10,677.75 ","$10,938.63 ","$10,656.46 ","$10,796.95 ","$32,509,451,925 ","$199,641,896,762 "
14-Sep-20,"$10,328.73 ","$10,800.01 ","$10,266.01 ","$10,680.84 ","$35,453,581,940 ","$197,484,272,947 "
13-Sep-20,"$10,452.40 ","$10,577.22 ","$10,224.33 ","$10,323.76 ","$36,506,852,789 ","$190,870,759,062 "
12-Sep-20,"$10,409.86 ","$10,578.84 ","$10,292.39 ","$10,442.17 ","$36,750,077,324 ","$193,049,493,277 "
11-Sep-20,"$10,369.03 ","$10,434.92 ","$10,140.84 ","$10,400.91 ","$45,201,121,775 ","$192,275,791,669 "
10-Sep-20,"$10,242.33 ","$10,503.91 ","$10,238.14 ","$10,363.14 ","$54,406,443,211 ","$191,568,387,062 "
9-Sep-20,"$10,134.15 ","$10,350.54 ","$10,017.25 ","$10,242.35 ","$24,128,292,755 ","$189,325,507,175 "
8-Sep-20,"$10,369.31 ","$10,414.78 ","$9,945.11 ","$10,131.52 ","$33,430,927,462 ","$187,267,336,728 "
7-Sep-20,"$10,281.00 ","$10,399.15 ","$9,916.49 ","$10,369.56 ","$33,703,098,409 ","$191,657,203,885 "
6-Sep-20,"$10,167.22 ","$10,353.93 ","$10,056.89 ","$10,280.35 ","$37,071,460,174 ","$189,997,214,393 "
5-Sep-20,"$10,512.53 ","$10,581.57 ","$9,946.68 ","$10,169.57 ","$44,916,565,292 ","$187,940,141,276 "
4-Sep-20,"$10,230.37 ","$10,663.92 ","$10,207.94 ","$10,511.81 ","$29,965,130,374 ","$194,255,818,704 "
3-Sep-20,"$11,407.19 ","$11,443.02 ","$10,182.47 ","$10,245.30 ","$31,927,261,555 ","$189,322,069,063 "
2-Sep-20,"$11,964.82 ","$11,964.82 ","$11,290.79 ","$11,414.03 ","$28,037,405,299 ","$210,909,793,681 "
1-Sep-20,"$11,679.32 ","$12,067.08 ","$11,601.13 ","$11,970.48 ","$27,311,555,343 ","$221,181,001,607 "
31-Aug-20,"$11,713.31 ","$11,768.88 ","$11,598.32 ","$11,680.82 ","$22,285,928,250 ","$215,817,677,822 "
30-Aug-20,"$11,508.71 ","$11,715.26 ","$11,492.38 ","$11,711.51 ","$19,760,127,945 ","$216,373,660,045 "
29-Aug-20,"$11,541.05 ","$11,585.64 ","$11,466.29 ","$11,506.87 ","$17,485,597,759 ","$212,583,870,983 "
28-Aug-20,"$11,325.30 ","$11,545.62 ","$11,316.42 ","$11,542.50 ","$19,807,127,588 ","$213,231,661,583 "
27-Aug-20,"$11,485.61 ","$11,570.79 ","$11,185.94 ","$11,323.40 ","$23,240,415,076 ","$209,172,436,817 "
26-Aug-20,"$11,366.89 ","$11,530.05 ","$11,296.99 ","$11,488.36 ","$22,466,660,958 ","$212,210,534,428 "
25-Aug-20,"$11,773.59 ","$11,778.30 ","$11,189.85 ","$11,366.14 ","$26,301,509,932 ","$209,942,744,481 "
24-Aug-20,"$11,663.69 ","$11,807.63 ","$11,623.25 ","$11,774.60 ","$20,681,511,755 ","$217,477,962,650 "
23-Aug-20,"$11,679.70 ","$11,713.43 ","$11,559.92 ","$11,664.85 ","$18,482,062,658 ","$215,439,967,321 "
22-Aug-20,"$11,585.48 ","$11,689.41 ","$11,448.81 ","$11,681.83 ","$20,224,191,306 ","$215,742,068,895 "
21-Aug-20,"$11,878.03 ","$11,899.26 ","$11,564.98 ","$11,592.49 ","$23,762,425,999 ","$214,082,401,861 "
20-Aug-20,"$11,761.50 ","$11,900.41 ","$11,710.06 ","$11,878.37 ","$20,175,242,945 ","$219,350,310,326 "
19-Aug-20,"$11,990.88 ","$12,028.92 ","$11,687.33 ","$11,758.28 ","$24,502,851,117 ","$217,122,068,305 "
18-Aug-20,"$12,251.90 ","$12,335.71 ","$11,954.53 ","$11,991.23 ","$26,043,227,672 ","$221,413,097,553 "
17-Aug-20,"$11,895.66 ","$12,359.06 ","$11,806.70 ","$12,254.40 ","$28,227,687,027 ","$226,261,747,567 "
16-Aug-20,"$11,866.69 ","$11,934.90 ","$11,737.19 ","$11,892.80 ","$20,583,375,490 ","$219,576,092,170 "
15-Aug-20,"$11,768.70 ","$11,963.20 ","$11,768.70 ","$11,865.70 ","$23,354,924,400 ","$219,064,372,745 "
14-Aug-20,"$11,772.66 ","$12,150.99 ","$11,685.46 ","$11,768.87 ","$24,237,958,589 ","$217,265,120,503 "
13-Aug-20,"$11,588.41 ","$11,796.40 ","$11,216.87 ","$11,784.14 ","$27,522,199,497 ","$217,534,728,413 "
12-Aug-20,"$11,404.60 ","$11,748.40 ","$11,249.61 ","$11,584.93 ","$25,064,548,486 ","$213,846,666,475 "
11-Aug-20,"$11,881.65 ","$11,932.71 ","$11,195.71 ","$11,410.53 ","$27,039,782,640 ","$210,616,121,945 "
10-Aug-20,"$11,662.26 ","$12,045.14 ","$11,662.26 ","$11,878.11 ","$26,114,112,569 ","$219,235,405,395 "
9-Aug-20,"$11,737.33 ","$11,806.06 ","$11,548.78 ","$11,675.74 ","$17,489,608,833 ","$215,490,364,255 "
8-Aug-20,"$11,604.55 ","$11,800.06 ","$11,558.43 ","$11,754.05 ","$17,572,057,837 ","$216,924,147,851 "
7-Aug-20,"$11,778.89 ","$11,898.04 ","$11,408.59 ","$11,601.47 ","$23,132,312,867 ","$214,097,928,028 "
6-Aug-20,"$11,749.87 ","$11,902.34 ","$11,598.71 ","$11,779.77 ","$23,400,740,340 ","$217,377,233,001 "
5-Aug-20,"$11,203.82 ","$11,786.62 ","$11,158.29 ","$11,747.02 ","$24,411,254,471 ","$216,761,492,406 "
4-Aug-20,"$11,246.20 ","$11,385.38 ","$11,094.15 ","$11,205.89 ","$21,250,197,042 ","$206,767,135,617 "
3-Aug-20,"$11,043.77 ","$11,453.08 ","$11,012.41 ","$11,246.35 ","$20,271,713,443 ","$207,503,423,456 "
2-Aug-20,"$11,758.76 ","$12,034.14 ","$11,018.13 ","$11,053.61 ","$27,410,067,336 ","$203,936,136,730 "
1-Aug-20,"$11,322.57 ","$11,794.78 ","$11,239.68 ","$11,759.59 ","$26,075,670,303 ","$216,950,669,098 "
31-Jul-20,"$11,110.21 ","$11,415.86 ","$10,987.05 ","$11,323.47 ","$23,160,469,766 ","$208,895,308,529 "
30-Jul-20,"$11,099.83 ","$11,169.36 ","$10,895.46 ","$11,111.21 ","$22,857,247,901 ","$204,969,047,788 "
29-Jul-20,"$10,912.95 ","$11,304.40 ","$10,856.14 ","$11,100.47 ","$24,617,249,715 ","$204,761,455,133 "
28-Jul-20,"$11,017.46 ","$11,204.33 ","$10,632.63 ","$10,912.82 ","$28,766,551,142 ","$201,290,022,193 "
27-Jul-20,"$9,905.22 ","$11,298.22 ","$9,903.97 ","$10,990.87 ","$35,359,749,590 ","$202,719,581,737 "
26-Jul-20,"$9,680.23 ","$10,023.81 ","$9,652.85 ","$9,905.17 ","$20,507,998,997 ","$182,685,328,095 "
25-Jul-20,"$9,539.49 ","$9,704.56 ","$9,530.21 ","$9,677.11 ","$16,610,070,933 ","$178,469,614,078 "
24-Jul-20,"$9,585.51 ","$9,623.34 ","$9,481.45 ","$9,536.89 ","$16,552,768,325 ","$175,875,016,548 "
23-Jul-20,"$9,527.14 ","$9,610.25 ","$9,483.00 ","$9,581.07 ","$18,146,399,002 ","$176,680,237,480 "
22-Jul-20,"$9,375.08 ","$9,530.52 ","$9,319.65 ","$9,525.36 ","$16,532,254,884 ","$175,644,844,408 "
21-Jul-20,"$9,162.51 ","$9,407.26 ","$9,149.39 ","$9,374.89 ","$18,069,581,956 ","$172,861,732,402 "
20-Jul-20,"$9,187.22 ","$9,214.27 ","$9,137.51 ","$9,164.23 ","$13,755,604,146 ","$168,970,262,859 "
19-Jul-20,"$9,158.01 ","$9,201.40 ","$9,097.63 ","$9,185.82 ","$12,939,002,784 ","$169,360,219,986 "
18-Jul-20,"$9,151.18 ","$9,230.98 ","$9,100.82 ","$9,159.04 ","$12,252,601,475 ","$168,858,972,269 "
17-Jul-20,"$9,131.81 ","$9,182.25 ","$9,089.20 ","$9,151.39 ","$13,944,570,750 ","$168,710,427,574 "
16-Jul-20,"$9,191.98 ","$9,214.31 ","$9,088.95 ","$9,132.23 ","$15,713,967,523 ","$168,350,501,976 "
15-Jul-20,"$9,241.90 ","$9,275.33 ","$9,171.93 ","$9,192.84 ","$15,844,731,575 ","$169,460,074,576 "
14-Jul-20,"$9,238.70 ","$9,283.84 ","$9,171.66 ","$9,243.21 ","$18,085,038,362 ","$170,380,670,525 "
13-Jul-20,"$9,277.20 ","$9,306.40 ","$9,224.29 ","$9,243.61 ","$17,519,821,266 ","$170,379,677,119 "
12-Jul-20,"$9,241.06 ","$9,319.42 ","$9,197.45 ","$9,276.50 ","$14,452,361,907 ","$170,977,422,928 "
11-Jul-20,"$9,277.51 ","$9,293.53 ","$9,199.49 ","$9,240.35 ","$13,249,910,444 ","$170,302,234,778 "
10-Jul-20,"$9,273.36 ","$9,287.47 ","$9,118.00 ","$9,278.81 ","$16,860,035,605 ","$171,001,933,827 "
9-Jul-20,"$9,427.99 ","$9,431.38 ","$9,235.00 ","$9,277.97 ","$18,000,702,524 ","$170,977,231,638 "
8-Jul-20,"$9,253.02 ","$9,450.34 ","$9,249.50 ","$9,428.33 ","$19,702,359,883 ","$173,738,543,115 "
7-Jul-20,"$9,349.16 ","$9,360.62 ","$9,201.82 ","$9,252.28 ","$13,839,652,595 ","$170,485,472,276 "
6-Jul-20,"$9,072.85 ","$9,375.47 ","$9,058.66 ","$9,375.47 ","$17,889,263,252 ","$172,746,103,840 "
5-Jul-20,"$9,126.09 ","$9,162.18 ","$8,977.02 ","$9,073.94 ","$12,903,406,143 ","$167,181,726,154 "
4-Jul-20,"$9,084.23 ","$9,183.30 ","$9,053.63 ","$9,132.49 ","$12,290,528,515 ","$168,251,076,678 "
3-Jul-20,"$9,124.84 ","$9,202.34 ","$9,058.79 ","$9,087.30 ","$13,078,970,999 ","$167,409,720,388 "
2-Jul-20,"$9,231.14 ","$9,274.96 ","$9,036.62 ","$9,123.41 ","$16,338,916,796 ","$168,065,586,387 "
1-Jul-20,"$9,145.99 ","$9,309.75 ","$9,104.73 ","$9,228.33 ","$15,971,550,355 ","$169,988,756,578 "
30-Jun-20,"$9,185.58 ","$9,217.84 ","$9,084.84 ","$9,137.99 ","$15,735,797,744 ","$168,315,606,321 "
29-Jun-20,"$9,140.03 ","$9,237.57 ","$9,041.88 ","$9,190.85 ","$16,460,547,078 ","$169,280,659,246 "
28-Jun-20,"$9,048.46 ","$9,197.55 ","$8,975.53 ","$9,143.58 ","$14,560,870,760 ","$168,401,806,137 "
27-Jun-20,"$9,167.82 ","$9,207.81 ","$8,998.22 ","$9,045.39 ","$17,273,093,144 ","$166,584,831,506 "
26-Jun-20,"$9,260.99 ","$9,310.52 ","$9,101.74 ","$9,162.92 ","$18,341,465,837 ","$168,741,367,622 "
25-Jun-20,"$9,314.13 ","$9,340.16 ","$9,095.32 ","$9,264.81 ","$18,616,048,626 ","$170,608,289,504 "
24-Jun-20,"$9,632.15 ","$9,680.37 ","$9,278.23 ","$9,313.61 ","$18,961,716,076 ","$171,498,781,280 "
23-Jun-20,"$9,644.08 ","$9,670.54 ","$9,547.25 ","$9,629.66 ","$17,006,433,272 ","$177,310,052,079 "
22-Jun-20,"$9,300.92 ","$9,655.07 ","$9,296.87 ","$9,648.72 ","$21,104,009,514 ","$177,651,397,437 "
21-Jun-20,"$9,330.93 ","$9,401.11 ","$9,300.43 ","$9,303.63 ","$15,324,301,169 ","$171,289,415,079 "
20-Jun-20,"$9,290.96 ","$9,394.97 ","$9,247.38 ","$9,332.34 ","$17,130,541,557 ","$171,809,438,651 "
19-Jun-20,"$9,410.29 ","$9,440.88 ","$9,274.30 ","$9,288.02 ","$19,632,223,107 ","$170,985,625,732 "
18-Jun-20,"$9,481.57 ","$9,482.78 ","$9,328.40 ","$9,411.84 ","$17,770,083,003 ","$173,256,688,664 "
17-Jun-20,"$9,533.78 ","$9,540.42 ","$9,327.34 ","$9,480.26 ","$20,177,709,879 ","$174,508,805,561 "
16-Jun-20,"$9,454.27 ","$9,579.43 ","$9,400.45 ","$9,538.02 ","$21,565,537,209 ","$175,563,963,385 "
15-Jun-20,"$9,386.04 ","$9,504.86 ","$8,990.18 ","$9,450.70 ","$26,699,704,768 ","$173,947,607,772 "
14-Jun-20,"$9,477.55 ","$9,482.27 ","$9,347.59 ","$9,386.79 ","$18,991,732,746 ","$172,763,239,787 "
13-Jun-20,"$9,480.74 ","$9,493.21 ","$9,396.01 ","$9,475.28 ","$17,564,322,315 ","$174,381,819,725 "
12-Jun-20,"$9,320.69 ","$9,540.47 ","$9,285.85 ","$9,480.84 ","$22,610,564,515 ","$174,474,896,922 "
11-Jun-20,"$9,870.08 ","$9,938.30 ","$9,263.07 ","$9,321.78 ","$30,247,143,440 ","$171,538,133,043 "
10-Jun-20,"$9,794.12 ","$9,908.90 ","$9,728.29 ","$9,870.09 ","$25,706,567,601 ","$181,616,765,438 "
9-Jun-20,"$9,774.36 ","$9,836.37 ","$9,664.72 ","$9,795.70 ","$23,717,842,783 ","$180,237,817,527 "
8-Jun-20,"$9,760.06 ","$9,782.31 ","$9,675.89 ","$9,771.49 ","$21,486,346,312 ","$179,782,576,534 "
7-Jun-20,"$9,653.00 ","$9,768.50 ","$9,458.15 ","$9,758.85 ","$25,015,250,846 ","$179,540,253,701 "
6-Jun-20,"$9,664.90 ","$9,773.43 ","$9,591.02 ","$9,653.68 ","$20,438,419,222 ","$177,595,657,884 "
5-Jun-20,"$9,800.22 ","$9,869.24 ","$9,663.22 ","$9,665.53 ","$23,509,628,646 ","$177,801,825,145 "
4-Jun-20,"$9,655.85 ","$9,887.61 ","$9,525.25 ","$9,800.64 ","$25,921,805,072 ","$180,276,153,545 "
3-Jun-20,"$9,533.76 ","$9,682.86 ","$9,471.85 ","$9,656.72 ","$25,007,459,262 ","$177,619,631,126 "
2-Jun-20,"$10,162.97 ","$10,182.34 ","$9,460.57 ","$9,529.80 ","$39,137,252,109 ","$175,277,218,229 "
1-Jun-20,"$9,463.61 ","$10,199.56 ","$9,450.90 ","$10,167.27 ","$35,198,901,068 ","$186,993,405,740 "
