Coin,Date,Open,High,Low,Close,Volume,Market Cap
btc,6/1/2020,9463.61,10199.56,9450.9,10167.27,35198901068,1.86993E+11
eth,6/1/2020,230.86,248.24,230.49,246.99,13951727936,27459257209
doge,6/1/2020,0,0,0,0,195748335,330327929
btc,6/2/2020,10162.97,10182.34,9460.57,9529.8,39137252109,1.75277E+11
eth,6/2/2020,246.83,252.22,233.23,237.22,13782107567,26376031890
doge,6/2/2020,0,0,0,0,200119264,319695395
btc,6/3/2020,9533.76,9682.86,9471.85,9656.72,25007459262,1.7762E+11
eth,6/3/2020,237.4,244.18,235.46,244.18,9861760817,27153238868
doge,6/3/2020,0,0,0,0,190021630,322396402
btc,6/4/2020,9655.85,9887.61,9525.25,9800.64,25921805072,1.80276E+11
eth,6/4/2020,244.11,245.93,236.77,244.43,10170414304,27184018612
doge,6/4/2020,0,0,0,0,194078582,328426404
btc,6/5/2020,9800.22,9869.24,9663.22,9665.53,23509628646,1.77802E+11
eth,6/5/2020,244.35,247.33,240.68,241.22,9293963914,26830954614
doge,6/5/2020,0,0,0,0,188846627,324106967
btc,6/6/2020,9664.9,9773.43,9591.02,9653.68,20438419222,1.77596E+11
eth,6/6/2020,241.2,245.98,239.72,241.93,8114873845,26913140925
doge,6/6/2020,0,0,0,0,175988365,323074953
btc,6/7/2020,9653,9768.5,9458.15,9758.85,25015250846,1.7954E+11
eth,6/7/2020,241.91,245.44,236.33,245.17,9544883157,27276459502
doge,6/7/2020,0,0,0,0,188151455,325471959
btc,6/8/2020,9760.06,9782.31,9675.89,9771.49,21486346312,1.79783E+11
eth,6/8/2020,245.18,246.64,241.54,246.31,8076783299,27406923226
doge,6/8/2020,0,0,0,0,187140783,322775863
btc,6/9/2020,9774.36,9836.37,9664.72,9795.7,23717842783,1.80238E+11
eth,6/9/2020,246.18,248.34,242.34,244.91,8446545788,27254678255
doge,6/9/2020,0,0,0,0,175910197,320861092
btc,6/10/2020,9794.12,9908.9,9728.29,9870.09,25706567601,1.81617E+11
eth,6/10/2020,244.82,248.65,242.82,247.44,8792990206,27539945413
doge,6/10/2020,0,0,0,0,182748021,322845887
btc,6/11/2020,9870.08,9938.3,9263.07,9321.78,30247143440,1.71538E+11
eth,6/11/2020,247.55,249.89,229.94,231.7,12356528860,25791024831
doge,6/11/2020,0,0,0,0,183212798,306396406
btc,6/12/2020,9320.69,9540.47,9285.85,9480.84,22610564515,1.74475E+11
eth,6/12/2020,231.63,239.35,229.65,237.49,8868955009,26438827420
doge,6/12/2020,0,0,0,0,194920048,314916066
btc,6/13/2020,9480.74,9493.21,9396.01,9475.28,17564322315,1.74382E+11
eth,6/13/2020,237.54,239.19,235.89,238.91,7141624980,26599679550
doge,6/13/2020,0,0,0,0,188981850,316564552
btc,6/14/2020,9477.55,9482.27,9347.59,9386.79,18991732746,1.72763E+11
eth,6/14/2020,238.97,239.1,232.96,234.11,7439385176,26069111857
doge,6/14/2020,0,0,0,0,173334481,313784645
btc,6/15/2020,9386.04,9504.86,8990.18,9450.7,26699704768,1.73948E+11
eth,6/15/2020,234.06,234.24,221.24,229.93,10536099884,25606145743
doge,6/15/2020,0,0,0,0,198803041,309919898
btc,6/16/2020,9454.27,9579.43,9400.45,9538.02,21565537209,1.75564E+11
eth,6/16/2020,229.76,236.39,228.43,234.42,7965648016,26109047392
doge,6/16/2020,0,0,0,0,196212619,310886939
btc,6/17/2020,9533.78,9540.42,9327.34,9480.26,20177709879,1.74509E+11
eth,6/17/2020,234.49,235.95,229.34,233.03,7701391592,25957610764
doge,6/17/2020,0,0,0,0,185083517,310685801
btc,6/18/2020,9481.57,9482.78,9328.4,9411.84,17770083003,1.73257E+11
eth,6/18/2020,232.9,234.57,228.95,232.1,6713800872,25857495155
doge,6/18/2020,0,0,0,0,171388606,309056651
btc,6/19/2020,9410.29,9440.88,9274.3,9288.02,19632223107,1.70986E+11
eth,6/19/2020,231.95,232.15,226.8,227.14,6946372590,25307718819
doge,6/19/2020,0,0,0,0,173280984,304484756
btc,6/20/2020,9290.96,9394.97,9247.38,9332.34,17130541557,1.71809E+11
eth,6/20/2020,226.98,231.45,226.64,229.27,6252830566,25548837121
doge,6/20/2020,0,0,0,0,158275082,306010372
btc,6/21/2020,9330.93,9401.11,9300.43,9303.63,15324301169,1.71289E+11
eth,6/21/2020,229.22,232.36,228.49,228.99,5600408178,25520273837
doge,6/21/2020,0,0,0,0,169917761,306030111
btc,6/22/2020,9300.92,9655.07,9296.87,9648.72,21104009514,1.77651E+11
eth,6/22/2020,229,243.78,228.93,242.53,9079586552,27032930743
doge,6/22/2020,0,0,0,0,173530825,309447065
btc,6/23/2020,9644.08,9670.54,9547.25,9629.66,17006433272,1.7731E+11
eth,6/23/2020,242.54,244.86,239.76,244.14,6624530348,27215606543
doge,6/23/2020,0,0,0,0,171604774,310804275
btc,6/24/2020,9632.15,9680.37,9278.23,9313.61,18961716076,1.71499E+11
eth,6/24/2020,244.19,248.51,232.81,235.77,8815030025,26285822239
doge,6/24/2020,0,0,0,0,178380748,304012446
btc,6/25/2020,9314.13,9340.16,9095.32,9264.81,18616048626,1.70608E+11
eth,6/25/2020,235.7,236.05,230.3,232.94,7010426123,25973707946
doge,6/25/2020,0,0,0,0,160003354,302499093
btc,6/26/2020,9260.99,9310.52,9101.74,9162.92,18341465837,1.68741E+11
eth,6/26/2020,232.88,233.9,229.26,229.67,7187490226,25611500297
doge,6/26/2020,0,0,0,0,151319087,295206725
btc,6/27/2020,9167.82,9207.81,8998.22,9045.39,17273093144,1.66585E+11
eth,6/27/2020,229.63,232.49,220.56,222.96,6918380955,24866429445
doge,6/27/2020,0,0,0,0,152534000,289498986
btc,6/28/2020,9048.46,9197.55,8975.53,9143.58,14560870760,1.68402E+11
eth,6/28/2020,222.91,228.6,219.47,225.35,6205925718,25135786986
doge,6/28/2020,0,0,0,0,172693834,291109078
btc,6/29/2020,9140.03,9237.57,9041.88,9190.85,16460547078,1.69281E+11
eth,6/29/2020,225.36,229.9,222.25,228.19,6726164653,25456513994
doge,6/29/2020,0,0,0,0,172655788,289555488
btc,6/30/2020,9185.58,9217.84,9084.84,9137.99,15735797744,1.68316E+11
eth,6/30/2020,227.97,229.48,224.82,226.31,6094093001,25249913730
doge,6/30/2020,0,0,0,0,165641131,290426014
btc,7/1/2020,9145.99,9309.75,9104.73,9228.33,15971550355,1.69989E+11
eth,7/1/2020,226.13,232.76,224.84,231.11,6463737443,25788404350
doge,7/1/2020,0,0,0,0,152549214,294727829
btc,7/2/2020,9231.14,9274.96,9036.62,9123.41,16338916796,1.68066E+11
eth,7/2/2020,231.29,232.4,225.46,229.39,6212210566,25599453477
doge,7/2/2020,0,0,0,0,110789127,295744265
btc,7/3/2020,9124.84,9202.34,9058.79,9087.3,13078970999,1.6741E+11
eth,7/3/2020,229.32,229.63,224.91,225.39,5109032700,25155571600
doge,7/3/2020,0,0,0,0,111575143,290044512
btc,7/4/2020,9084.23,9183.3,9053.63,9132.49,12290528515,1.68251E+11
eth,7/4/2020,225.29,230.05,225.13,229.07,5228310135,25570190315
doge,7/4/2020,0,0,0,0,109218071,289295827
btc,7/5/2020,9126.09,9162.18,8977.02,9073.94,12903406143,1.67182E+11
eth,7/5/2020,228.98,229.86,224.54,227.66,5292172429,25415950649
doge,7/5/2020,0,0,0,0,110140542,289277436
btc,7/6/2020,9072.85,9375.47,9058.66,9375.47,17889263252,1.72746E+11
eth,7/6/2020,227.69,242.13,227.03,241.51,8782917553,26964937043
doge,7/6/2020,0,0,0,0,132105140,327723523
btc,7/7/2020,9349.16,9360.62,9201.82,9252.28,13839652595,1.70485E+11
eth,7/7/2020,240.97,242.68,234.22,239.08,6441497597,26696376073
doge,7/7/2020,0,0,0,0,283970310,387151635
btc,7/8/2020,9253.02,9450.34,9249.5,9428.33,19702359883,1.73739E+11
eth,7/8/2020,239.16,248.31,238.4,246.67,9892586411,27547785703
doge,7/8/2020,0,0.01,0,0,1226813925,595274589
btc,7/9/2020,9427.99,9431.38,9235,9277.97,18000702524,1.70977E+11
eth,7/9/2020,246.75,247.29,239.9,243.02,8429099199,27143016879
doge,7/9/2020,0,0.01,0,0,511315527,551095461
btc,7/10/2020,9273.36,9287.47,9118,9278.81,16860035605,1.71002E+11
eth,7/10/2020,242.87,242.88,236.73,240.98,7281370522,26919422187
doge,7/10/2020,0,0,0,0,225424869,440600401
btc,7/11/2020,9277.51,9293.53,9199.49,9240.35,13249910444,1.70302E+11
eth,7/11/2020,241.04,241.53,238.33,239.46,5643067316,26752161985
doge,7/11/2020,0,0,0,0,155299369,477768832
btc,7/12/2020,9241.06,9319.42,9197.45,9276.5,14452361907,1.70977E+11
eth,7/12/2020,239.46,243.31,237.77,242.13,6596394718,27054158346
doge,7/12/2020,0,0,0,0,87562043,455084342
btc,7/13/2020,9277.2,9306.4,9224.29,9243.61,17519821266,1.7038E+11
eth,7/13/2020,242.18,244.31,238.23,239.6,7787751468,26775071858
doge,7/13/2020,0,0,0,0,143177055,398447402
btc,7/14/2020,9238.7,9283.84,9171.66,9243.21,18085038362,1.70381E+11
eth,7/14/2020,239.98,242,237.8,240.21,7357458555,26846147251
doge,7/14/2020,0,0,0,0,103213409,413143009
btc,7/15/2020,9241.9,9275.33,9171.93,9192.84,15844731575,1.6946E+11
eth,7/15/2020,240.14,241.4,237.1,238.42,6189328448,26649577378
doge,7/15/2020,0,0,0,0,69399827,386951871
btc,7/16/2020,9191.98,9214.31,9088.95,9132.23,15713967523,1.68351E+11
eth,7/16/2020,238.45,239.01,231.62,233.64,5832057567,26118155895
doge,7/16/2020,0,0,0,0,78457844,375666317
btc,7/17/2020,9131.81,9182.25,9089.2,9151.39,13944570750,1.6871E+11
eth,7/17/2020,233.69,234.42,232.11,232.77,5859850529,26024301468
doge,7/17/2020,0,0,0,0,74705371,383967367
btc,7/18/2020,9151.18,9230.98,9100.82,9159.04,12252601475,1.68859E+11
eth,7/18/2020,232.86,236.54,232.32,235.48,5397402117,26330601164
doge,7/18/2020,0,0,0,0,204080851,435685576
btc,7/19/2020,9158.01,9201.4,9097.63,9185.82,12939002784,1.6936E+11
eth,7/19/2020,235.46,239.16,233.28,238.49,6251377305,26669691075
doge,7/19/2020,0,0,0,0,116746163,424349867
btc,7/20/2020,9187.22,9214.27,9137.51,9164.23,13755604146,1.6897E+11
eth,7/20/2020,238.49,239.58,234.85,236.15,5600686192,26411853756
doge,7/20/2020,0,0,0,0,81038624,406505539
btc,7/21/2020,9162.51,9407.26,9149.39,9374.89,18069581956,1.72862E+11
eth,7/21/2020,236.3,246.19,235.68,245.02,6806696015,27406496758
doge,7/21/2020,0,0,0,0,77748189,414749066
btc,7/22/2020,9375.08,9530.52,9319.65,9525.36,16532254884,1.75645E+11
eth,7/22/2020,245.04,262.99,242.48,262.19,7702077383,29331058164
doge,7/22/2020,0,0,0,0,54443238,412342064
btc,7/23/2020,9527.14,9610.25,9483,9581.07,18146399002,1.7668E+11
eth,7/23/2020,262.39,277.58,261.05,274.69,10281309262,30733019165
doge,7/23/2020,0,0,0,0,58737115,413578575
btc,7/24/2020,9585.51,9623.34,9481.45,9536.89,16552768325,1.75875E+11
eth,7/24/2020,274.72,286.19,269.24,279.22,9466060358,31243266716
doge,7/24/2020,0,0,0,0,58910215,404193463
btc,7/25/2020,9539.49,9704.56,9530.21,9677.11,16610070933,1.7847E+11
eth,7/25/2020,279.03,306.74,279.03,304.06,10785021813,34027002730
doge,7/25/2020,0,0,0,0,63203396,406049052
btc,7/26/2020,9680.23,10023.81,9652.85,9905.17,20507998997,1.82685E+11
eth,7/26/2020,303.69,316.39,300.27,309.64,12003973026,34656472193
doge,7/26/2020,0,0,0,0,62592233,406166431
btc,7/27/2020,9905.22,11298.22,9903.97,10990.87,35359749590,2.0272E+11
eth,7/27/2020,309.66,330.7,309.66,321.51,15644257058,35989428749
doge,7/27/2020,0,0,0,0,83138808,396003960
btc,7/28/2020,11017.46,11204.33,10632.63,10912.82,28766551142,2.0129E+11
eth,7/28/2020,321.83,325.91,307.72,316.66,12357108065,35450097600
doge,7/28/2020,0,0,0,0,63084930,401583092
btc,7/29/2020,10912.95,11304.4,10856.14,11100.47,24617249715,2.04761E+11
eth,7/29/2020,316.56,324.38,313.11,318.19,10878845706,35626126751
doge,7/29/2020,0,0,0,0,55817191,400999634
btc,7/30/2020,11099.83,11169.36,10895.46,11111.21,22857247901,2.04969E+11
eth,7/30/2020,318.14,338.63,315.75,334.59,11827689045,37466380887
doge,7/30/2020,0,0,0,0,53506822,405907620
btc,7/31/2020,11110.21,11415.86,10987.05,11323.47,23160469766,2.08895E+11
eth,7/31/2020,334.63,348.61,329.34,345.55,12030600492,38699278449
doge,7/31/2020,0,0,0,0,54497306,405228598
btc,8/1/2020,11322.57,11794.78,11239.68,11759.59,26075670303,2.16951E+11
eth,8/1/2020,345.8,388.85,343.59,385.2,14045259477,43144477508
doge,8/1/2020,0,0,0,0,150687884,463485084
btc,8/2/2020,11758.76,12034.14,11018.13,11053.61,27410067336,2.03936E+11
eth,8/2/2020,385.55,411.23,357.14,370.67,18909744275,41522323563
doge,8/2/2020,0,0,0,0,101249531,419228839
btc,8/3/2020,11043.77,11453.08,11012.41,11246.35,20271713443,2.07503E+11
eth,8/3/2020,371.13,396.51,369.34,386.3,12834648062,43277729882
doge,8/3/2020,0,0,0,0,66931510,425910182
btc,8/4/2020,11246.2,11385.38,11094.15,11205.89,21250197042,2.06767E+11
eth,8/4/2020,386.16,400.7,382.99,389.88,14086704221,43684129572
doge,8/4/2020,0,0,0,0,74386428,444285519
btc,8/5/2020,11203.82,11786.62,11158.29,11747.02,24411254471,2.16761E+11
eth,8/5/2020,389.71,406.3,386.22,401.59,12875466638,45002213069
doge,8/5/2020,0,0,0,0,66465690,441575952
btc,8/6/2020,11749.87,11902.34,11598.71,11779.77,23400740340,2.17377E+11
eth,8/6/2020,401.58,403.49,392.6,394.96,11304626458,44264836294
doge,8/6/2020,0,0,0,0,62944678,447599583
btc,8/7/2020,11778.89,11898.04,11408.59,11601.47,23132312867,2.14098E+11
eth,8/7/2020,395.23,398.25,367.94,379.51,12751687084,42538578850
doge,8/7/2020,0,0,0,0,68990009,444227233
btc,8/8/2020,11604.55,11800.06,11558.43,11754.05,17572057837,2.16924E+11
eth,8/8/2020,379.55,393.99,377.35,393.99,9342060531,44166324646
doge,8/8/2020,0,0,0,0,62509900,441372650
btc,8/9/2020,11737.33,11806.06,11548.78,11675.74,17489608833,2.1549E+11
eth,8/9/2020,395.31,399.74,385.83,391.12,9451065592,43850292041
doge,8/9/2020,0,0,0,0,57020040,435562680
btc,8/10/2020,11662.26,12045.14,11662.26,11878.11,26114112569,2.19235E+11
eth,8/10/2020,391.04,399.38,391.04,395.89,11685827893,44390142137
doge,8/10/2020,0,0,0,0,68038181,440184390
btc,8/11/2020,11881.65,11932.71,11195.71,11410.53,27039782640,2.10616E+11
eth,8/11/2020,395.89,398.48,370.86,380.38,12792218737,42656945169
doge,8/11/2020,0,0,0,0,78539442,427010939
btc,8/12/2020,11404.6,11748.4,11249.61,11584.93,25064548486,2.13847E+11
eth,8/12/2020,380.06,391.31,367.92,391.02,12408772745,43855501072
doge,8/12/2020,0,0,0,0,70865885,438341326
btc,8/13/2020,11588.41,11796.4,11216.87,11784.14,27522199497,2.17535E+11
eth,8/13/2020,390.84,432.9,379.71,428.74,18480303526,48091569052
doge,8/13/2020,0,0,0,0,73302994,442425313
btc,8/14/2020,11772.66,12150.99,11685.46,11768.87,24237958589,2.17265E+11
eth,8/14/2020,428.68,444.58,423.35,437.4,15064589987,49068474083
doge,8/14/2020,0,0,0,0,61334640,448048011
btc,8/15/2020,11768.7,11963.2,11768.7,11865.7,23354924400,2.19064E+11
eth,8/15/2020,437.56,441.75,429.87,433.35,12416067894,48620820125
doge,8/15/2020,0,0,0,0,64309678,445406226
btc,8/16/2020,11866.69,11934.9,11737.19,11892.8,20583375490,2.19576E+11
eth,8/16/2020,433.35,436.27,415.09,433.79,12168816875,48675162267
doge,8/16/2020,0,0,0,0,52637926,443458495
btc,8/17/2020,11895.66,12359.06,11806.7,12254.4,28227687027,2.26262E+11
eth,8/17/2020,433.97,442.73,422.65,429.53,13227089410,48203426751
doge,8/17/2020,0,0,0,0,77628715,452006667
btc,8/18/2020,12251.9,12335.71,11954.53,11991.23,26043227672,2.21413E+11
eth,8/18/2020,429.67,432.58,419.67,423.67,11978984079,47551407033
doge,8/18/2020,0,0,0,0,62570291,442352423
btc,8/19/2020,11990.88,12028.92,11687.33,11758.28,24502851117,2.17122E+11
eth,8/19/2020,423.74,427.02,396.68,406.46,13137391167,45625864918
doge,8/19/2020,0,0,0,0,53306857,431060773
btc,8/20/2020,11761.5,11900.41,11710.06,11878.37,20175242945,2.1935E+11
eth,8/20/2020,406.76,418.73,404.03,416.44,10043032427,46751356941
doge,8/20/2020,0,0,0,0,43536656,435550928
btc,8/21/2020,11878.03,11899.26,11564.98,11592.49,23762425999,2.14082E+11
eth,8/21/2020,416.15,418.64,387.44,389.13,11781796374,43690315907
doge,8/21/2020,0,0,0,0,60621268,427273266
btc,8/22/2020,11585.48,11689.41,11448.81,11681.83,20224191306,2.15742E+11
eth,8/22/2020,389.03,396.47,382.81,395.84,10131847985,44448918222
doge,8/22/2020,0,0,0,0,44884852,433479976
btc,8/23/2020,11679.7,11713.43,11559.92,11664.85,18482062658,2.1544E+11
eth,8/23/2020,395.56,396.49,385.04,391.38,8137303970,43954518396
doge,8/23/2020,0,0,0,0,39485548,430026194
btc,8/24/2020,11663.69,11807.63,11623.25,11774.6,20681511755,2.17478E+11
eth,8/24/2020,391.68,409.39,389.31,408.14,10328860398,45842265023
doge,8/24/2020,0,0,0,0,46470522,430544251
btc,8/25/2020,11773.59,11778.3,11189.85,11366.14,26301509932,2.09943E+11
eth,8/25/2020,408.07,408.53,374.36,384,12428442042,43135697974
doge,8/25/2020,0,0,0,0,76826314,416312715
btc,8/26/2020,11366.89,11530.05,11296.99,11488.36,22466660958,2.12211E+11
eth,8/26/2020,383.98,391.87,378.71,386.47,9967343483,43417926668
doge,8/26/2020,0,0,0,0,80416711,416200661
btc,8/27/2020,11485.61,11570.79,11185.94,11323.4,23240415076,2.09172E+11
eth,8/27/2020,386.61,395.35,374.87,382.63,10457777652,42992439543
doge,8/27/2020,0,0,0,0,89847093,403564900
btc,8/28/2020,11325.3,11545.62,11316.42,11542.5,19807127588,2.13232E+11
eth,8/28/2020,382.63,397.76,381.27,395.87,9120674421,44485705032
doge,8/28/2020,0,0,0,0,64056957,411895611
btc,8/29/2020,11541.05,11585.64,11466.29,11506.87,17485597759,2.12584E+11
eth,8/29/2020,395.69,405.62,393.04,399.92,8777703481,44945899480
doge,8/29/2020,0,0,0,0,78149363,413659277
btc,8/30/2020,11508.71,11715.26,11492.38,11711.51,19760127945,2.16374E+11
eth,8/30/2020,399.62,428.66,399.61,428.4,11211948040,48151884394
doge,8/30/2020,0,0,0,0,79325829,415967943
btc,8/31/2020,11713.31,11768.88,11598.32,11680.82,22285928250,2.15818E+11
eth,8/31/2020,428.51,438.56,419.77,435.08,12774741797,48909170052
doge,8/31/2020,0,0,0,0,85369757,405995489
btc,9/1/2020,11679.32,12067.08,11601.13,11970.48,27311555343,2.21181E+11
eth,9/1/2020,434.87,487.21,432.08,477.05,18862763756,53633933560
doge,9/1/2020,0,0,0,0,81863764,410502859
btc,9/2/2020,11964.82,11964.82,11290.79,11414.03,28037405299,2.1091E+11
eth,9/2/2020,477.01,480.33,424.46,440.04,19691854014,49478789435
doge,9/2/2020,0,0,0,0,56647412,393723630
btc,9/3/2020,11407.19,11443.02,10182.47,10245.3,31927261555,1.89322E+11
eth,9/3/2020,440.24,449.53,381.13,385.67,19622845896,43370721326
doge,9/3/2020,0,0,0,0,59904548,353407912
btc,9/4/2020,10230.37,10663.92,10207.94,10511.81,29965130374,1.94256E+11
eth,9/4/2020,384.67,402.41,371.64,388.24,16747106257,43665020996
doge,9/4/2020,0,0,0,0,53434717,365578053
btc,9/5/2020,10512.53,10581.57,9946.68,10169.57,44916565292,1.8794E+11
eth,9/5/2020,388.04,394.17,316.77,335.26,29880047640,37710860058
doge,9/5/2020,0,0,0,0,62295889,347914351
btc,9/6/2020,10167.22,10353.93,10056.89,10280.35,37071460174,1.89997E+11
eth,9/6/2020,335.33,359.76,319.04,353.36,27643678917,39751917523
doge,9/6/2020,0,0,0,0,89557154,351568868
btc,9/7/2020,10281,10399.15,9916.49,10369.56,33703098409,1.91657E+11
eth,9/7/2020,353.45,358.21,326.25,352.67,21763614732,39679199320
doge,9/7/2020,0,0,0,0,102610335,354702877
btc,9/8/2020,10369.31,10414.78,9945.11,10131.52,33430927462,1.87267E+11
eth,9/8/2020,353.2,355.56,328.82,337.6,17991403432,37988119627
doge,9/8/2020,0,0,0,0,57144396,347692950
btc,9/9/2020,10134.15,10350.54,10017.25,10242.35,24128292755,1.89326E+11
eth,9/9/2020,337.82,359.16,332.16,351.11,14547933520,39512826170
doge,9/9/2020,0,0,0,0,77050464,350691174
btc,9/10/2020,10242.33,10503.91,10238.14,10363.14,54406443211,1.91568E+11
eth,9/10/2020,351.43,377.39,351.11,368.1,31421134556,41430053162
doge,9/10/2020,0,0,0,0,104276032,354031943
btc,9/11/2020,10369.03,10434.92,10140.84,10400.91,45201121775,1.92276E+11
eth,9/11/2020,368.12,376.63,355.58,374.7,27296269329,42177302259
doge,9/11/2020,0,0,0,0,134077501,354191866
btc,9/12/2020,10409.86,10578.84,10292.39,10442.17,36750077324,1.93049E+11
eth,9/12/2020,374.6,387.54,367.84,387.18,13295405814,43588199422
doge,9/12/2020,0,0,0,0,117125272,355828180
btc,9/13/2020,10452.4,10577.22,10224.33,10323.76,36506852789,1.90871E+11
eth,9/13/2020,387.52,388.96,354.34,365.57,15005899191,41160025962
doge,9/13/2020,0,0,0,0,124253232,350476176
btc,9/14/2020,10328.73,10800.01,10266.01,10680.84,35453581940,1.97484E+11
eth,9/14/2020,365.7,384.49,357.57,377.27,17536695361,42482307939
doge,9/14/2020,0,0,0,0,128520946,353858513
btc,9/15/2020,10677.75,10938.63,10656.46,10796.95,32509451925,1.99642E+11
eth,9/15/2020,377.15,381.51,363.61,364.84,16140584321,41087642853
doge,9/15/2020,0,0,0,0,100194174,357575916
btc,9/16/2020,10797.76,11100.12,10704.88,10974.9,30769986455,2.02943E+11
eth,9/16/2020,364.74,372.77,356.68,365.81,16107612177,41202147932
doge,9/16/2020,0,0,0,0,148555505,356864048
btc,9/17/2020,10973.25,11037.42,10774.63,10948.99,38151810523,2.02476E+11
eth,9/17/2020,365.87,393.9,364.8,389.02,19899531081,43821351213
doge,9/17/2020,0,0,0,0,161305349,355350720
btc,9/18/2020,10951.82,11034.91,10829.66,10944.59,26341903912,2.02406E+11
eth,9/18/2020,389.34,391.9,376.96,384.36,14108357740,43302193327
doge,9/18/2020,0,0,0,0,147868185,354211096
btc,9/19/2020,10933.75,11134.09,10909.62,11094.35,22764204008,2.05186E+11
eth,9/19/2020,384.04,387.08,378.72,385.54,11049507684,43440360815
doge,9/19/2020,0,0,0,0,147046520,352928507
btc,9/20/2020,11095.87,11095.87,10814.48,10938.27,24699523788,2.02309E+11
eth,9/20/2020,385.6,385.6,367.09,371.05,12292195784,41812641074
doge,9/20/2020,0,0,0,0,145951917,350976931
btc,9/21/2020,10934.93,10988.3,10380.26,10462.26,28884999244,1.93514E+11
eth,9/21/2020,371.4,375.74,336.07,341.79,17398267133,38519366615
doge,9/21/2020,0,0,0,0,78753428,332359050
btc,9/22/2020,10459.62,10568.08,10382.73,10538.46,23621787804,1.94932E+11
eth,9/22/2020,341.72,346.6,336.86,344.5,12732578043,38830213878
doge,9/22/2020,0,0,0,0,36467574,335642709
btc,9/23/2020,10535.49,10537.83,10197.86,10246.19,23788661867,1.8953E+11
eth,9/23/2020,344.59,344.67,318.97,321.12,12899346599,36196531454
doge,9/23/2020,0,0,0,0,79707709,323599428
btc,9/24/2020,10248.79,10771.06,10231.49,10760.07,47144380902,1.99046E+11
eth,9/24/2020,320.99,351.46,318.55,349.36,15714304470,39384347822
doge,9/24/2020,0,0,0,0,111915975,332209045
btc,9/25/2020,10761.11,10777.7,10578.91,10692.72,39348590957,1.9781E+11
eth,9/25/2020,349.41,357.77,339.02,352.18,14381086966,39707914546
doge,9/25/2020,0,0,0,0,124575712,341120228
btc,9/26/2020,10695.58,10773,10667.28,10750.72,46852525493,1.98893E+11
eth,9/26/2020,352.35,355.85,348.11,355.49,13049148579,40085290850
doge,9/26/2020,0,0,0,0,108180296,343387129
btc,9/27/2020,10746.89,10803.98,10622.92,10775.27,53745972818,1.99358E+11
eth,9/27/2020,354.96,361.98,349.83,357.44,13598126926,40309981004
doge,9/27/2020,0,0,0,0,76293172,340381383
btc,9/28/2020,10776.61,10945.35,10703.89,10709.65,47762394731,1.98154E+11
eth,9/28/2020,357.93,366.43,354.55,355.16,14258455166,40057637361
doge,9/28/2020,0,0,0,0,102662350,335353894
btc,9/29/2020,10709.65,10860,10649.5,10844.64,46582396602,2.0066E+11
eth,9/29/2020,354.36,360.35,352.15,359.76,11600013236,40581050364
doge,9/29/2020,0,0,0,0,109463113,339614379
btc,9/30/2020,10843.87,10847.26,10669.32,10784.49,44171073700,1.99557E+11
eth,9/30/2020,360.04,361.18,353.33,359.94,11818610610,40606130498
doge,9/30/2020,0,0,0,0,106684832,332662364
btc,10/1/2020,10795.25,10933.62,10472.36,10619.45,40023134100,1.96512E+11
eth,10/1/2020,360.31,369.26,346.48,353.21,14679481911,39851388059
doge,10/1/2020,0,0,0,0,116194992,330888014
btc,10/2/2020,10619.82,10657.84,10416.69,10575.98,48661453918,1.95716E+11
eth,10/2/2020,352.95,354.12,336.47,346.24,14215390463,39069960290
doge,10/2/2020,0,0,0,0,128239855,326820338
btc,10/3/2020,10575.1,10598.94,10511.13,10549.33,44660271563,1.95233E+11
eth,10/3/2020,346.22,351.31,344.67,346.52,10060167889,39106512854
doge,10/3/2020,0,0,0,0,116046378,328808013
btc,10/4/2020,10550.44,10686,10534.39,10669.58,71251776995,1.97469E+11
eth,10/4/2020,346.6,354.05,345.13,352.58,10696959020,39794771396
doge,10/4/2020,0,0,0,0,92364518,333407496
btc,10/5/2020,10676.53,10793.51,10634.6,10793.34,47537578009,1.9977E+11
eth,10/5/2020,352.74,355.21,349.68,353.96,11809507622,39954971652
doge,10/5/2020,0,0,0,0,127881032,330595649
btc,10/6/2020,10796.31,10797.58,10528.89,10604.41,42623695307,1.96282E+11
eth,10/6/2020,353.96,354.99,338,340.82,12830796112,38476195645
doge,10/6/2020,0,0,0,0,105669881,330516077
btc,10/7/2020,10603.36,10680.51,10562.51,10668.97,37799458436,1.97486E+11
eth,10/7/2020,340.94,342.45,334.55,341.81,11929918060,38592810957
doge,10/7/2020,0,0,0,0,125523508,328490146
btc,10/8/2020,10669.37,10945.74,10562.61,10915.69,63314794397,2.02064E+11
eth,10/8/2020,342.04,352.21,335.65,350.77,13461017711,39608808457
doge,10/8/2020,0,0,0,0,109356096,328573195
btc,10/9/2020,10927.91,11102.67,10846.85,11064.46,22799117613,2.04827E+11
eth,10/9/2020,351.11,368.31,348.21,365.59,13043501763,41287658660
doge,10/9/2020,0,0,0,0,100051523,335821980
btc,10/10/2020,11059.14,11442.21,11056.94,11296.36,22877978588,2.0913E+11
eth,10/10/2020,365.4,378.27,365.35,370.97,13618484324,41899893524
doge,10/10/2020,0,0,0,0,96632426,336111690
btc,10/11/2020,11296.08,11428.81,11288.63,11384.18,19968627060,2.10767E+11
eth,10/11/2020,370.93,377.25,369.83,375.14,12584512533,42376475415
doge,10/11/2020,0,0,0,0,107632465,338568241
btc,10/12/2020,11392.64,11698.47,11240.69,11555.36,26163972642,2.1395E+11
eth,10/12/2020,374.8,395.12,366.64,387.73,15867455424,43805601681
doge,10/12/2020,0,0,0,0,101246789,338543787
btc,10/13/2020,11548.72,11548.98,11321.22,11425.9,24241420251,2.11566E+11
eth,10/13/2020,387.14,387.38,375.58,381.19,14226744838,43072303018
doge,10/13/2020,0,0,0,0,76963142,333761625
btc,10/14/2020,11429.05,11539.98,11307.83,11429.51,24103426719,2.11643E+11
eth,10/14/2020,381.97,387.3,374.18,379.48,13918846567,42884585295
doge,10/14/2020,0,0,0,0,87293434,334052394
btc,10/15/2020,11426.6,11569.91,11303.6,11495.35,24487233058,2.12873E+11
eth,10/15/2020,379.19,381.21,371.35,377.44,14964182546,42659015495
doge,10/15/2020,0,0,0,0,83794207,328454705
btc,10/16/2020,11502.83,11540.06,11223.01,11322.12,25635480772,2.09676E+11
eth,10/16/2020,377.87,380.02,362.6,366.23,14670784817,41396681083
doge,10/16/2020,0,0,0,0,117882236,330951793
btc,10/17/2020,11322.12,11386.26,11285.35,11358.1,19130430174,2.10354E+11
eth,10/17/2020,366.02,369.77,364.49,368.86,10951115359,41698592886
doge,10/17/2020,0,0,0,0,125692391,327064296
btc,10/18/2020,11355.98,11483.36,11347.58,11483.36,18283314340,2.12683E+11
eth,10/18/2020,368.73,378.6,368.13,378.21,11047103109,42761561164
doge,10/18/2020,0,0,0,0,72298803,327781395
btc,10/19/2020,11495.04,11799.09,11408.29,11742.04,23860769928,2.17482E+11
eth,10/19/2020,378.47,383.32,373.7,379.94,12811242092,42961460206
doge,10/19/2020,0,0,0,0,91049562,328231586
btc,10/20/2020,11745.97,11999.92,11681.48,11916.34,30915821592,2.20721E+11
eth,10/20/2020,379.72,380.76,367.6,369.14,13741586582,41745418861
doge,10/20/2020,0,0,0,0,65577101,329683335
btc,10/21/2020,11913.08,13184.57,11900.93,12823.69,43414712626,2.37532E+11
eth,10/21/2020,369.06,400.63,368.73,392.19,20241324322,44354670582
doge,10/21/2020,0,0,0,0,45017115,333445208
btc,10/22/2020,12801.64,13161.59,12717.09,12965.89,34729759598,2.40166E+11
eth,10/22/2020,391.49,420.14,391.28,413.77,15772846485,46795599921
doge,10/22/2020,0,0,0,0,44976453,336576292
btc,10/23/2020,12971.55,13015.96,12752.65,12931.54,28974975003,2.39558E+11
eth,10/23/2020,414.05,418.96,403.08,409.77,14256222052,46356841440
doge,10/23/2020,0,0,0,0,46856082,335619978
btc,10/24/2020,12931.57,13145.07,12885.75,13108.06,24542317940,2.4284E+11
eth,10/24/2020,409.77,416.6,407.85,412.46,12201739194,46666915712
doge,10/24/2020,0,0,0,0,44797614,335479644
btc,10/25/2020,13108.06,13329.18,12910.06,13031.17,24406920575,2.41425E+11
eth,10/25/2020,412.46,417.16,405.35,406.22,10890207469,45966378925
doge,10/25/2020,0,0,0,0,58532388,336485100
btc,10/26/2020,13031.2,13225.3,12822.38,13075.25,29461458313,2.42251E+11
eth,10/26/2020,406.22,411.28,383.78,393.89,15155684229,44576504574
doge,10/26/2020,0,0,0,0,122152251,339741433
btc,10/27/2020,13075.24,13759.67,13060.84,13654.22,33749878156,2.52986E+11
eth,10/27/2020,393.89,409.77,390.61,404,13940434102,45726046137
doge,10/27/2020,0,0,0,0,78927089,339540412
btc,10/28/2020,13654.21,13837.7,12932.25,13271.29,35867318895,2.459E+11
eth,10/28/2020,404,408.96,381.15,388.65,15276441134,43994384280
doge,10/28/2020,0,0,0,0,72848720,329216495
btc,10/29/2020,13271.3,13612.05,12980.06,13437.88,56499499598,2.48995E+11
eth,10/29/2020,388.65,393.23,381.29,386.73,12920477749,43782246356
doge,10/29/2020,0,0,0,0,58929515,327434298
btc,10/30/2020,13437.87,13651.52,13136.2,13546.52,30581485201,2.51018E+11
eth,10/30/2020,386.73,391.46,375.09,382.82,13688056970,43344676043
doge,10/30/2020,0,0,0,0,63444097,329715649
btc,10/31/2020,13546.53,14028.21,13457.53,13780.99,30306464719,2.55372E+11
eth,10/31/2020,382.82,393.01,381.3,386.59,11276963426,43776829150
doge,10/31/2020,0,0,0,0,56189318,326906027
btc,11/1/2020,13780.99,13862.03,13628.38,13737.11,24453857900,2.5457E+11
eth,11/1/2020,386.59,397.12,385.17,396.36,10475146018,44888307221
doge,11/1/2020,0,0,0,0,45528682,327678835
btc,11/2/2020,13737.03,13808.32,13243.16,13550.49,30771455468,2.5112E+11
eth,11/2/2020,396.36,403.24,381.02,383.16,13997574252,43398380101
doge,11/2/2020,0,0,0,0,50142376,319510588
btc,11/3/2020,13550.45,13984.98,13325.44,13950.3,29869951617,2.58541E+11
eth,11/3/2020,383.16,389.52,371.31,387.6,12588494762,43907159817
doge,11/3/2020,0,0,0,0,62871653,320878482
btc,11/4/2020,13950.49,14218.77,13580.47,14133.71,35116364962,2.61954E+11
eth,11/4/2020,387.6,407.67,377.83,402.14,15126077675,45559668259
doge,11/4/2020,0,0,0,0,52552651,321632249
btc,11/5/2020,14133.73,15706.4,14102.09,15579.85,40856321439,2.88772E+11
eth,11/5/2020,402.14,417.53,397.25,414.07,15440711038,46916321971
doge,11/5/2020,0,0,0,0,31611963,332278228
btc,11/6/2020,15579.73,15903.44,15226.84,15565.88,39837841971,2.88527E+11
eth,11/6/2020,414.07,456.2,412.98,454.72,16738305610,51528636308
doge,11/6/2020,0,0,0,0,54267546,350479044
btc,11/7/2020,15565.88,15737.1,14423.2,14833.75,35024953706,2.7497E+11
eth,11/7/2020,454.72,465.68,428.46,435.71,18873289788,49380744878
doge,11/7/2020,0,0,0,0,44610219,339187040
btc,11/8/2020,14833.75,15637.32,14744.11,15479.57,26632075029,2.86955E+11
eth,11/8/2020,435.72,457.78,433.15,453.55,11292383601,51408911250
doge,11/8/2020,0,0,0,0,22754531,344300015
btc,11/9/2020,15479.6,15785.14,14865.53,15332.32,34149115566,2.84236E+11
eth,11/9/2020,453.57,457.35,435.16,444.16,13704320630,50350406402
doge,11/9/2020,0,0,0,0,28124348,339114621
btc,11/10/2020,15332.35,15450.33,15124.96,15290.9,25574938143,2.83468E+11
eth,11/10/2020,444.17,453.76,439.6,449.68,12090381666,50981825542
doge,11/10/2020,0,0,0,0,39633173,349808435
btc,11/11/2020,15290.91,15916.26,15290.01,15701.34,29772374934,2.91077E+11
eth,11/11/2020,449.68,473.58,449.52,462.96,14075403511,52493805532
doge,11/11/2020,0,0,0,0,33138759,351821931
btc,11/12/2020,15701.3,16305,15534.77,16276.34,34175758344,3.01737E+11
eth,11/12/2020,462.96,467.68,452.07,461.01,12877327234,52278353038
doge,11/12/2020,0,0,0,0,24028261,353134919
btc,11/13/2020,16276.44,16463.18,15992.15,16317.81,31599492172,3.02506E+11
eth,11/13/2020,461.01,475.22,457.3,474.63,13191505725,53829432990
doge,11/13/2020,0,0,0,0,29217750,358567478
btc,11/14/2020,16317.81,16317.81,15749.19,16068.14,27481710135,2.97877E+11
eth,11/14/2020,474.63,475.16,452.99,460.15,10312037942,52193800907
doge,11/14/2020,0,0,0,0,30334380,352447343
btc,11/15/2020,16068.14,16123.11,15793.53,15955.59,23653867583,2.95791E+11
eth,11/15/2020,460.15,460.99,440.25,447.56,10308617165,50771836456
doge,11/15/2020,0,0,0,0,25131683,352792281
btc,11/16/2020,15955.58,16816.18,15880.71,16716.11,31526766675,3.09889E+11
eth,11/16/2020,447.56,463.83,445.5,459.94,11441239444,52182517297
doge,11/16/2020,0,0,0,0,52063283,366863172
btc,11/17/2020,16685.69,17782.92,16564.54,17645.41,39006849170,3.27257E+11
eth,11/17/2020,464.41,482.23,460.78,480.36,14593057877,54505786216
doge,11/17/2020,0,0,0,0,46631464,373272247
btc,11/18/2020,17645.19,18393.95,17352.91,17804.01,49064800278,3.30218E+11
eth,11/18/2020,480.35,492,465.83,479.48,17880199224,54412825617
doge,11/18/2020,0,0,0,0,49460064,369897280
btc,11/19/2020,17803.86,18119.55,17382.55,17817.09,36985055355,3.30475E+11
eth,11/19/2020,479.48,480.12,465.7,471.63,12473929218,53528035617
doge,11/19/2020,0,0,0,0,40330643,370193342
btc,11/20/2020,17817.08,18773.23,17765.8,18621.31,36992873940,3.45412E+11
eth,11/20/2020,471.63,513.61,471.63,509.74,18629943296,57860686204
doge,11/20/2020,0,0,0,0,57656465,379556538
btc,11/21/2020,18621.32,18936.62,18444.36,18642.23,39650210707,3.45819E+11
eth,11/21/2020,509.74,550.23,504.24,549.49,20757099184,62379287099
doge,11/21/2020,0,0,0,0,162641694,446026143
btc,11/22/2020,18642.23,18688.97,17671.38,18370,41280434226,3.4079E+11
eth,11/22/2020,549.49,579.37,514.52,558.07,21967049601,63361036976
doge,11/22/2020,0,0,0,0,121660410,423521332
btc,11/23/2020,18370.02,18711.43,18000.8,18364.12,42741112308,3.40698E+11
eth,11/23/2020,558.06,609.99,551.27,608.45,27272302872,69089845802
doge,11/23/2020,0,0,0,0,101561039,464109149
btc,11/24/2020,18365.01,19348.27,18128.66,19107.46,51469565009,3.54504E+11
eth,11/24/2020,608.52,621.17,593.84,603.9,23281758100,68580780139
doge,11/24/2020,0,0,0,0,266716036,534864218
btc,11/25/2020,19104.41,19390.97,18581.15,18732.12,43710357371,3.47559E+11
eth,11/25/2020,603.9,605.09,559.67,570.69,20088492893,64816875593
doge,11/25/2020,0,0,0,0,174459927,474231349
btc,11/26/2020,18729.84,18866.29,16351.03,17150.62,61396835737,3.18232E+11
eth,11/26/2020,570.51,575.64,485.5,518.8,31104004592,58930920929
doge,11/26/2020,0,0,0,0,175520294,413589433
btc,11/27/2020,17153.91,17445.02,16526.42,17108.4,38886494645,3.17464E+11
eth,11/27/2020,519.11,530.78,497.24,517.49,16831105703,58789344389
doge,11/27/2020,0,0,0,0,92323023,416865856
btc,11/28/2020,17112.93,17853.94,16910.65,17717.42,32601040734,3.28783E+11
eth,11/28/2020,517.6,548.04,508.13,538.23,14770243833,61152393529
doge,11/28/2020,0,0,0,0,58033650,433416826
btc,11/29/2020,17719.63,18283.63,17559.12,18177.48,31133957704,3.37337E+11
eth,11/29/2020,538.26,576.6,531.99,575.76,15017517758,65424084296
doge,11/29/2020,0,0,0,0,46319972,438924852
btc,11/30/2020,18178.32,19749.26,18178.32,19625.84,47728480399,3.6423E+11
eth,11/30/2020,575.76,615.24,571.54,614.84,20276867833,69873714778
doge,11/30/2020,0,0,0,0,68622736,452099967
btc,12/1/2020,19633.77,19845.98,18321.92,18803,49633658712,3.48977E+11
eth,12/1/2020,615.07,635.16,571.75,587.32,27178964465,66754367842
doge,12/1/2020,0,0,0,0,80163603,424620891
btc,12/2/2020,18801.74,19308.33,18347.72,19201.09,37387697139,3.56381E+11
eth,12/2/2020,587.26,604.02,578.74,598.35,16883292129,68015797685
doge,12/2/2020,0,0,0,0,58705661,429717482
btc,12/3/2020,19205.93,19566.19,18925.78,19445.4,31930317405,3.60934E+11
eth,12/3/2020,598.46,622.45,588.35,616.71,16146190946,70110808538
doge,12/3/2020,0,0,0,0,47907032,436544288
btc,12/4/2020,19446.97,19511.4,18697.19,18699.77,33872388058,3.47111E+11
eth,12/4/2020,616.72,618.98,569.28,569.35,16337589997,64734997135
doge,12/4/2020,0,0,0,0,45062222,420098206
btc,12/5/2020,18698.39,19160.45,18590.19,19154.23,27242455064,3.55564E+11
eth,12/5/2020,569.35,596.6,563.11,596.6,13498010566,67840334209
doge,12/5/2020,0,0,0,0,43386583,432723096
btc,12/6/2020,19154.18,19390.5,18897.89,19345.12,25293775714,3.59124E+11
eth,12/6/2020,596.57,606.79,584.41,601.91,11290893016,68452719868
doge,12/6/2020,0,0,0,0,40936574,431691746
btc,12/7/2020,19343.13,19411.83,18931.14,19191.63,26896357742,3.56293E+11
eth,12/7/2020,601.8,602.92,585.43,591.84,10720480962,67315962016
doge,12/7/2020,0,0,0,0,36923814,425868467
btc,12/8/2020,19191.53,19283.48,18269.95,18321.14,31692288756,3.40149E+11
eth,12/8/2020,591.9,594.75,552.47,554.83,14398919320,63113292237
doge,12/8/2020,0,0,0,0,52702701,405143760
btc,12/9/2020,18320.88,18626.29,17935.55,18553.92,34420373071,3.44486E+11
eth,12/9/2020,554.79,577.29,533,573.48,15855915840,65242758700
doge,12/9/2020,0,0,0,0,45746722,402483350
btc,12/10/2020,18553.3,18553.3,17957.07,18264.99,25547132265,3.39137E+11
eth,12/10/2020,573.5,574.6,549.78,559.68,11672582040,63680254165
doge,12/10/2020,0,0,0,0,33740988,395706348
btc,12/11/2020,18263.93,18268.45,17619.53,18058.9,27919640985,3.35326E+11
eth,12/11/2020,559.68,560.38,537.81,545.8,11098819124,62108208317
doge,12/11/2020,0,0,0,0,41712942,392459836
btc,12/12/2020,18051.32,18919.55,18046.04,18803.66,21752580802,3.49171E+11
eth,12/12/2020,545.58,573.34,545.25,568.57,8534557897,64706942226
doge,12/12/2020,0,0,0,0,35466155,403248567
btc,12/13/2020,18806.77,19381.54,18734.33,19142.38,25450468637,3.55479E+11
eth,12/13/2020,568.61,593.78,564.57,589.66,9070377862,67115726662
doge,12/13/2020,0,0,0,0,37464323,415120510
btc,12/14/2020,19144.49,19305.1,19012.71,19246.64,22473997681,3.57433E+11
eth,12/14/2020,589.78,590.49,577.12,586.01,8125837102,66708003325
doge,12/14/2020,0,0,0,0,36238516,411966098
btc,12/15/2020,19246.92,19525.01,19079.84,19417.08,26741982542,3.60615E+11
eth,12/15/2020,586.02,596.25,580.63,589.36,9326645840,67096668322
doge,12/15/2020,0,0,0,0,37127782,408820668
btc,12/16/2020,19418.82,21458.91,19298.32,21310.6,44409011479,3.958E+11
eth,12/16/2020,589.38,636.64,582.04,636.18,15817248373,72436347872
doge,12/16/2020,0,0,0,0,50989880,435715185
btc,12/17/2020,21308.35,23642.66,21234.68,22805.16,71378606374,4.23577E+11
eth,12/17/2020,636.15,673.83,628.75,642.87,25479532147,73206412681
doge,12/17/2020,0,0,0,0,172736659,475751449
btc,12/18/2020,22806.8,23238.6,22399.81,23137.96,40387896275,4.29781E+11
eth,12/18/2020,642.92,662.7,632.36,654.81,15756303983,74575304995
doge,12/18/2020,0,0,0,0,101799430,492185489
btc,12/19/2020,23132.87,24085.86,22826.47,23869.83,38487546580,4.43399E+11
eth,12/19/2020,654.62,668.77,646.62,659.3,12830893778,75095087629
doge,12/19/2020,0,0,0,0,98447179,500981993
btc,12/20/2020,23861.77,24209.66,23147.71,23477.3,37844228422,4.36129E+11
eth,12/20/2020,659.19,659.92,625.01,638.29,13375855442,72711065645
doge,12/20/2020,0,0,0,0,508066004,590086989
btc,12/21/2020,23474.46,24059.98,22159.37,22803.08,45852713981,4.23625E+11
eth,12/21/2020,638.32,646.85,600.84,609.82,14419493621,69475834115
doge,12/21/2020,0,0.01,0,0,664160057,610925197
btc,12/22/2020,22794.04,23789.9,22430.6,23783.03,44171632681,4.41851E+11
eth,12/22/2020,609.42,635.08,589.55,634.85,14745890080,72336758960
doge,12/22/2020,0,0,0,0,239288785,575304225
btc,12/23/2020,23781.97,24024.49,22802.65,23241.34,51146161904,4.31809E+11
eth,12/23/2020,634.82,637.12,560.36,583.71,15261413038,66517758494
doge,12/23/2020,0,0,0,0,205080908,480893678
btc,12/24/2020,23240.2,23768.34,22777.6,23735.95,41080759713,4.41017E+11
eth,12/24/2020,584.14,613.82,568.6,611.61,14317413703,69704465560
doge,12/24/2020,0,0,0,0,143405580,583425690
btc,12/25/2020,23733.57,24710.1,23463.67,24664.79,42068395846,4.58297E+11
eth,12/25/2020,611.55,633.06,605.42,626.41,13520927700,71400061460
doge,12/25/2020,0,0,0,0,136819917,584963464
btc,12/26/2020,24677.02,26718.07,24522.69,26437.04,48332647295,4.91251E+11
eth,12/26/2020,626.5,650.72,617.4,635.84,14761125202,72483025275
doge,12/26/2020,0,0,0,0,151728507,573747738
btc,12/27/2020,26439.37,28288.84,25922.77,26272.29,66479895605,4.88213E+11
eth,12/27/2020,635.89,711.39,628.33,682.64,26093552821,77828069141
doge,12/27/2020,0,0,0,0,154526399,580710699
btc,12/28/2020,26280.82,27389.11,26207.64,27084.81,49056742893,5.03339E+11
eth,12/28/2020,683.21,745.88,683.21,730.4,24222565862,83282601745
doge,12/28/2020,0,0,0,0,99641525,586399767
btc,12/29/2020,27081.81,27370.72,25987.3,27362.44,45265946774,5.08524E+11
eth,12/29/2020,730.36,737.95,692.15,731.52,18710683199,83420334909
doge,12/29/2020,0,0,0,0,90876497,573014174
btc,12/30/2020,27360.09,28937.74,27360.09,28840.95,51287442704,5.36034E+11
eth,12/30/2020,731.47,754.3,720.99,751.62,17294574210,85722581849
doge,12/30/2020,0,0,0,0,94834499,592113775
btc,12/31/2020,28841.57,29244.88,28201.99,29001.72,46754964848,5.39051E+11
eth,12/31/2020,751.63,754.3,726.51,737.8,13926846861,84156810765
doge,12/31/2020,0,0,0,0,85498337,598149001
btc,1/1/2021,28994.01,29600.63,28803.59,29374.15,40730301359,5.46002E+11
eth,1/1/2021,737.71,749.2,719.79,730.37,13652004358,83318539689
doge,1/1/2021,0,0.01,0,0.01,228961515,726323311
btc,1/2/2021,29376.46,33155.12,29091.18,32127.27,67865420765,5.97206E+11
eth,1/2/2021,730.4,786.8,718.11,774.53,19740771179,88367612520
doge,1/2/2021,0.01,0.01,0.01,0.01,3421562680,1356280740
btc,1/3/2021,32129.41,34608.56,32052.32,32782.02,78665235202,6.09409E+11
eth,1/3/2021,774.51,1006.57,771.56,975.51,45200463368,1.1131E+11
doge,1/3/2021,0.01,0.01,0.01,0.01,2707003608,1248577459
btc,1/4/2021,32810.95,33440.22,28722.76,31971.91,81163475344,5.94384E+11
eth,1/4/2021,977.06,1153.19,912.31,1040.23,56945985763,1.1871E+11
doge,1/4/2021,0.01,0.01,0.01,0.01,1372398979,1248286672
btc,1/5/2021,31977.04,34437.59,30221.19,33992.43,67547324782,6.3198E+11
eth,1/5/2021,1041.5,1129.37,986.81,1100.01,41535932781,1.25546E+11
doge,1/5/2021,0.01,0.01,0.01,0.01,687256067,1268003964
btc,1/6/2021,34013.61,36879.7,33514.03,36824.36,75289433811,6.84671E+11
eth,1/6/2021,1101,1209.43,1064.23,1207.11,44699914188,1.37786E+11
doge,1/6/2021,0.01,0.01,0.01,0.01,749915516,1337772240
btc,1/7/2021,36833.87,40180.37,36491.19,39371.04,84762141031,7.32063E+11
eth,1/7/2021,1208.08,1282.58,1167.44,1225.68,40468027280,1.39922E+11
doge,1/7/2021,0.01,0.01,0.01,0.01,520644706,1245523630
btc,1/8/2021,39381.77,41946.74,36838.64,40797.61,88107519480,7.58626E+11
eth,1/8/2021,1225.97,1273.83,1076.08,1224.2,44334826666,1.39769E+11
doge,1/8/2021,0.01,0.01,0.01,0.01,394462164,1258947804
btc,1/9/2021,40788.64,41436.35,38980.88,40254.55,61984162837,7.48563E+11
eth,1/9/2021,1223.74,1303.87,1182.27,1281.08,33233105361,1.46281E+11
doge,1/9/2021,0.01,0.01,0.01,0.01,485842353,1303561985
btc,1/10/2021,40254.22,41420.19,35984.63,38356.44,79980747690,7.13305E+11
eth,1/10/2021,1280.87,1347.93,1194.72,1262.25,40616938053,1.44148E+11
doge,1/10/2021,0.01,0.01,0.01,0.01,458583519,1260915514
btc,1/11/2021,38346.53,38346.53,30549.6,35566.66,1.23321E+11,6.61457E+11
eth,1/11/2021,1261.62,1261.62,924.92,1090.15,60733630300,1.24509E+11
doge,1/11/2021,0.01,0.01,0.01,0.01,637956958,1129945722
btc,1/12/2021,35516.36,36568.53,32697.98,33922.96,74773277909,6.3092E+11
eth,1/12/2021,1088.53,1149.24,1012.76,1043.43,37494601692,1.19188E+11
doge,1/12/2021,0.01,0.01,0.01,0.01,333308457,1031361130
btc,1/13/2021,33915.12,37599.96,32584.67,37316.36,69364315979,6.9407E+11
eth,1/13/2021,1043.74,1134.34,994.55,1130.74,30109792795,1.29176E+11
doge,1/13/2021,0.01,0.01,0.01,0.01,240079033,1102277644
btc,1/14/2021,37325.11,39966.41,36868.56,39187.33,63615990033,7.28904E+11
eth,1/14/2021,1130.23,1244.16,1093.06,1218.45,33410915929,1.39212E+11
doge,1/14/2021,0.01,0.01,0.01,0.01,428369039,1202240980
btc,1/15/2021,39156.71,39577.71,34659.59,36825.37,67760757881,6.85006E+11
eth,1/15/2021,1221.88,1250.51,1090.72,1171.83,35972039310,1.33902E+11
doge,1/15/2021,0.01,0.01,0.01,0.01,398965925,1198824805
btc,1/16/2021,36821.65,37864.37,35633.55,36178.14,57706187875,6.73001E+11
eth,1/16/2021,1171.44,1290.05,1157.62,1233.54,32319240157,1.40969E+11
doge,1/16/2021,0.01,0.01,0.01,0.01,258630480,1185597169
btc,1/17/2021,36163.65,36722.35,34069.32,35791.28,52359854336,6.65832E+11
eth,1/17/2021,1233.45,1265.64,1174.39,1230.17,29258032819,1.40601E+11
doge,1/17/2021,0.01,0.01,0.01,0.01,254487989,1160366066
btc,1/18/2021,35792.24,37299.29,34883.84,36630.08,49511702429,6.8147E+11
eth,1/18/2021,1230.31,1259.45,1187.31,1257.28,25817455560,1.43717E+11
doge,1/18/2021,0.01,0.01,0.01,0.01,205025648,1173880970
btc,1/19/2021,36642.23,37755.89,36069.81,36069.81,57244195486,6.71081E+11
eth,1/19/2021,1257.43,1432.3,1254.52,1377.3,47195935190,1.57454E+11
doge,1/19/2021,0.01,0.01,0.01,0.01,249242632,1164676216
btc,1/20/2021,36050.11,36378.33,33570.48,35547.75,66834573161,6.614E+11
eth,1/20/2021,1375.25,1405.74,1243.3,1382.27,46784030909,1.58042E+11
doge,1/20/2021,0.01,0.01,0.01,0.01,220205442,1159923229
btc,1/21/2021,35549.4,35552.68,30250.75,30825.7,75643067688,5.73566E+11
eth,1/21/2021,1382.68,1382.68,1098.48,1121.57,45932464754,1.2825E+11
doge,1/21/2021,0.01,0.01,0.01,0.01,215419839,1045611058
btc,1/22/2021,30817.63,33811.85,28953.37,33005.76,77207272511,6.14161E+11
eth,1/22/2021,1118.89,1271.69,1046.6,1236.51,43918338506,1.4141E+11
doge,1/22/2021,0.01,0.01,0.01,0.01,185490003,1091461748
btc,1/23/2021,32985.76,33360.98,31493.16,32067.64,48354737975,5.96733E+11
eth,1/23/2021,1235.27,1272.15,1200.89,1230.99,27253895441,1.40795E+11
doge,1/23/2021,0.01,0.01,0.01,0.01,154393737,1098702727
btc,1/24/2021,32064.38,32944.01,31106.69,32289.38,48643830599,6.00889E+11
eth,1/24/2021,1231.21,1395.11,1225.27,1391.61,36418163554,1.59185E+11
doge,1/24/2021,0.01,0.01,0.01,0.01,162191977,1117773115
btc,1/25/2021,32285.8,34802.74,32087.79,32366.39,59897054838,6.0235E+11
eth,1/25/2021,1390.64,1467.78,1304.97,1324.41,43565777745,1.51516E+11
doge,1/25/2021,0.01,0.01,0.01,0.01,180820875,1073809066
btc,1/26/2021,32358.61,32794.55,31030.27,32569.85,60255421470,6.06169E+11
eth,1/26/2021,1323.74,1376.09,1253.34,1357.06,41572917750,1.55269E+11
doge,1/26/2021,0.01,0.01,0.01,0.01,161173749,1057483330
btc,1/27/2021,32564.03,32564.03,29367.14,30432.55,62576762015,5.66417E+11
eth,1/27/2021,1358.33,1368.07,1215.31,1253.19,39394416990,1.43401E+11
doge,1/27/2021,0.01,0.01,0.01,0.01,204797186,958548726
btc,1/28/2021,30441.04,33858.31,30023.21,33466.1,76517157706,6.2291E+11
eth,1/28/2021,1251.28,1356.29,1226.17,1332.49,34637234789,1.52494E+11
doge,1/28/2021,0.01,0.03,0.01,0.03,10971544561,4367344237
btc,1/29/2021,34318.67,38406.26,32064.81,34316.39,1.17895E+11,6.38769E+11
eth,1/29/2021,1369.09,1428.98,1292.24,1382.52,53611955259,1.58238E+11
doge,1/29/2021,0.04,0.08,0.03,0.05,25403310432,6043762706
btc,1/30/2021,34295.94,34834.71,32940.19,34269.52,65141828798,6.37925E+11
eth,1/30/2021,1382.23,1402.4,1328.53,1376.12,30616574234,1.57523E+11
doge,1/30/2021,0.05,0.05,0.02,0.03,8735576553,3611147492
btc,1/31/2021,34270.88,34288.33,32270.18,33114.36,52754542671,6.16453E+11
eth,1/31/2021,1376.82,1378.92,1288.5,1314.99,25198853581,1.50544E+11
doge,1/31/2021,0.03,0.05,0.03,0.04,8548997882,4767745805
btc,2/1/2021,33114.58,34638.21,32384.23,33537.18,61400400660,6.24349E+11
eth,2/1/2021,1314.86,1373.85,1274.36,1369.04,29210670920,1.56751E+11
doge,2/1/2021,0.04,0.04,0.03,0.03,6319224026,4470660189
btc,2/2/2021,33533.2,35896.88,33489.22,35510.29,63088585433,6.61115E+11
eth,2/2/2021,1369.51,1542.99,1362.77,1515.19,45437142801,1.73505E+11
doge,2/2/2021,0.03,0.03,0.03,0.03,3090896595,4041088459
btc,2/3/2021,35510.82,37480.19,35443.98,37472.09,61166818159,6.97673E+11
eth,2/3/2021,1514.77,1660.91,1510.01,1660.91,41874566399,1.90214E+11
doge,2/3/2021,0.03,0.04,0.03,0.04,3146856788,4759532731
btc,2/4/2021,37475.1,38592.18,36317.5,36926.06,68838074392,6.87543E+11
eth,2/4/2021,1661.17,1689.19,1561.85,1594.76,44396871836,1.8266E+11
doge,2/4/2021,0.04,0.06,0.04,0.05,13040837601,6833498776
btc,2/5/2021,36931.55,38225.91,36658.76,38144.31,58598066402,7.10267E+11
eth,2/5/2021,1594.79,1756.51,1594.79,1718.65,40108628454,1.96873E+11
doge,2/5/2021,0.05,0.05,0.04,0.05,6136160058,6019284098
btc,2/6/2021,38138.39,40846.55,38138.39,39266.01,71326033653,7.31192E+11
eth,2/6/2021,1717.8,1738.31,1649.07,1677.85,39873420648,1.92222E+11
doge,2/6/2021,0.05,0.06,0.04,0.06,5946101275,7387203762
btc,2/7/2021,39250.19,39621.84,37446.15,38903.44,65500641143,7.24479E+11
eth,2/7/2021,1677.61,1690.04,1501.75,1614.23,39889440151,1.84955E+11
doge,2/7/2021,0.06,0.08,0.05,0.08,14261024073,10105792829
btc,2/8/2021,38886.83,46203.93,38076.32,46196.46,1.01467E+11,8.60343E+11
eth,2/8/2021,1613.64,1770.59,1571.58,1746.62,48012285956,2.00148E+11
doge,2/8/2021,0.08,0.08,0.06,0.08,12844375210,10112456103
btc,2/9/2021,46184.99,48003.72,45166.96,46481.1,91809846886,8.65683E+11
eth,2/9/2021,1746.93,1815.96,1711.62,1768.04,44180727529,2.02626E+11
doge,2/9/2021,0.08,0.08,0.07,0.07,7348840814,8990202084
btc,2/10/2021,46469.76,47145.57,43881.15,44918.18,87301089896,8.36617E+11
eth,2/10/2021,1768.04,1826.7,1686.54,1744.24,41916084617,1.99923E+11
doge,2/10/2021,0.07,0.08,0.07,0.07,6785088422,9353895799
btc,2/11/2021,44898.71,48463.47,44187.76,47909.33,81388911810,8.92365E+11
eth,2/11/2021,1743.71,1806.54,1708.68,1783.8,36021495262,2.04481E+11
doge,2/11/2021,0.07,0.07,0.07,0.07,3818556739,8941609529
btc,2/12/2021,47877.03,48745.73,46424.98,47504.85,76555041196,8.84874E+11
eth,2/12/2021,1783.49,1861.36,1744.17,1843.53,37905036865,2.11353E+11
doge,2/12/2021,0.07,0.07,0.06,0.07,4190843784,8992978136
btc,2/13/2021,47491.2,48047.74,46392.28,47105.52,70250456155,8.77479E+11
eth,2/13/2021,1843.99,1871.6,1770.61,1814.11,35359490535,2.08004E+11
doge,2/13/2021,0.07,0.07,0.07,0.07,2618049766,8529400211
btc,2/14/2021,47114.51,49487.64,47114.51,48717.29,71248675228,9.07551E+11
eth,2/14/2021,1814.37,1848.15,1789.91,1805.08,31439114900,2.06994E+11
doge,2/14/2021,0.07,0.07,0.06,0.06,3984667628,8028048754
btc,2/15/2021,48696.54,48875.57,46347.48,47945.06,77069903166,8.9321E+11
eth,2/15/2021,1804.68,1833.83,1683.91,1779.79,38955610883,2.04118E+11
doge,2/15/2021,0.06,0.06,0.05,0.06,4944804938,7265519863
btc,2/16/2021,47944.46,50341.1,47201.3,49199.87,77049582886,9.16623E+11
eth,2/16/2021,1778.95,1824.52,1729.64,1781.07,34269369268,2.04288E+11
doge,2/16/2021,0.06,0.06,0.05,0.05,3409478696,6872026263
btc,2/17/2021,49207.28,52533.91,49072.38,52149.01,80820545404,9.71612E+11
eth,2/17/2021,1781.35,1853.67,1736.71,1848.46,35955412703,2.12043E+11
doge,2/17/2021,0.05,0.05,0.05,0.05,2976148723,6340534302
btc,2/18/2021,52140.97,52474.11,51015.76,51679.8,52054723579,9.62915E+11
eth,2/18/2021,1848.21,1949.9,1848.21,1937.45,28255902969,2.22277E+11
doge,2/18/2021,0.05,0.06,0.05,0.06,4551943638,7646763727
btc,2/19/2021,51675.98,56113.65,50937.28,55888.13,63495496918,1.04138E+12
eth,2/19/2021,1938.86,1969.55,1896.68,1960.16,26268814253,2.2491E+11
doge,2/19/2021,0.06,0.06,0.05,0.06,2949251418,7082160843
btc,2/20/2021,55887.34,57505.23,54626.56,56099.52,68145460026,1.04537E+12
eth,2/20/2021,1959.9,2036.29,1830.53,1919.53,34696091102,2.20274E+11
doge,2/20/2021,0.06,0.06,0.05,0.05,3175468554,6985943091
btc,2/21/2021,56068.57,58330.57,55672.61,57539.94,51897585191,1.07226E+12
eth,2/21/2021,1918.67,1974.26,1890.37,1935.6,23626547717,2.22144E+11
doge,2/21/2021,0.05,0.06,0.05,0.06,2450293068,7191635972
btc,2/22/2021,57532.74,57533.39,48967.57,54207.32,92052420332,1.01021E+12
eth,2/22/2021,1935.56,1936.45,1580.63,1781.99,42409646036,2.04539E+11
doge,2/22/2021,0.06,0.06,0.05,0.05,3366757324,6902725620
btc,2/23/2021,54204.93,54204.93,45290.59,48824.43,1.06102E+11,9.09926E+11
eth,2/23/2021,1781.41,1781.41,1378.84,1570.2,52029864713,1.80251E+11
doge,2/23/2021,0.05,0.05,0.04,0.05,2394345361,6089686351
btc,2/24/2021,48835.09,51290.14,47213.5,49705.33,63695521388,9.26393E+11
eth,2/24/2021,1571.48,1710.98,1511.02,1626.58,31329000537,1.86744E+11
doge,2/24/2021,0.05,0.06,0.05,0.06,4148511571,7267918251
btc,2/25/2021,49709.08,51948.97,47093.85,47093.85,54506565949,8.77766E+11
eth,2/25/2021,1625.39,1670.22,1465.06,1475.7,24481681873,1.69443E+11
doge,2/25/2021,0.06,0.06,0.05,0.05,2356982022,6447664671
btc,2/26/2021,47180.46,48370.79,44454.84,46339.76,3.50968E+11,8.63752E+11
eth,2/26/2021,1478.65,1559.03,1407.98,1446.03,31435997881,1.66055E+11
doge,2/26/2021,0.05,0.05,0.05,0.05,1694323466,6488523369
btc,2/27/2021,46344.77,48253.27,45269.03,46188.45,45910946382,8.60978E+11
eth,2/27/2021,1446.93,1524.93,1433.79,1459.97,20742103233,1.67676E+11
doge,2/27/2021,0.05,0.05,0.05,0.05,1286229526,6438192652
btc,2/28/2021,46194.02,46716.43,43241.62,45137.77,53443887451,8.41429E+11
eth,2/28/2021,1459.86,1468.39,1300.47,1416.05,27637026080,1.6265E+11
doge,2/28/2021,0.05,0.05,0.05,0.05,1408101260,6177710994
btc,3/1/2021,45159.5,49784.02,45115.09,49631.24,53891300112,9.25236E+11
eth,3/1/2021,1417.15,1567.69,1416.42,1564.71,24032838645,1.79747E+11
doge,3/1/2021,0.05,0.05,0.05,0.05,1494427207,6505875328
btc,3/2/2021,49612.11,50127.51,47228.85,48378.99,47530897720,9.01934E+11
eth,3/2/2021,1564.06,1597.61,1461.33,1492.61,22523669722,1.71485E+11
doge,3/2/2021,0.05,0.05,0.05,0.05,1346282318,6463312203
btc,3/3/2021,48415.81,52535.14,48274.32,50538.24,53220811975,9.42237E+11
eth,3/3/2021,1491.45,1650.36,1481.91,1575.85,22674780680,1.8107E+11
doge,3/3/2021,0.05,0.05,0.05,0.05,1093877445,6506425615
btc,3/4/2021,50522.31,51735.09,47656.93,48561.17,52343816680,9.05414E+11
eth,3/4/2021,1574.62,1622.95,1511.1,1541.91,22906118718,1.77191E+11
doge,3/4/2021,0.05,0.05,0.05,0.05,1170617084,6437196942
btc,3/5/2021,48527.03,49396.43,46542.51,48927.3,48625928883,9.12285E+11
eth,3/5/2021,1541.54,1547.88,1450.89,1533.27,21067146937,1.76219E+11
doge,3/5/2021,0.05,0.05,0.05,0.05,1173113591,6381297708
btc,3/6/2021,48899.23,49147.22,47257.53,48912.38,34363564661,9.12054E+11
eth,3/6/2021,1532.37,1669.11,1519.14,1654.74,22746262366,1.90202E+11
doge,3/6/2021,0.05,0.05,0.05,0.05,1480482384,6558965902
btc,3/7/2021,48918.68,51384.37,48918.68,51206.69,43137459378,9.54881E+11
eth,3/7/2021,1655.39,1730.92,1636.56,1723.15,23809935410,1.98089E+11
doge,3/7/2021,0.05,0.05,0.05,0.05,945455832,6706005852
btc,3/8/2021,51174.12,52314.07,49506.05,52246.52,48597428048,9.74322E+11
eth,3/8/2021,1724.23,1835.19,1670.94,1834.73,27630991158,2.1094E+11
doge,3/8/2021,0.05,0.06,0.05,0.06,3554150800,7971280044
btc,3/9/2021,52272.97,54824.12,51981.83,54824.12,50912227385,1.02244E+12
eth,3/9/2021,1835.15,1868.05,1804.27,1868.05,23461244507,2.14796E+11
doge,3/9/2021,0.06,0.06,0.06,0.06,2466159943,7463686738
btc,3/10/2021,54824.01,57258.25,53290.89,56008.55,57295577614,1.04458E+12
eth,3/10/2021,1868.49,1873.8,1766.49,1799.17,25154173185,2.069E+11
doge,3/10/2021,0.06,0.06,0.05,0.06,1534489620,7207816086
btc,3/11/2021,55963.18,58091.06,54484.59,57805.12,56772343595,1.07814E+12
eth,3/11/2021,1798.03,1843.82,1734.62,1826.19,24013132909,2.10032E+11
doge,3/11/2021,0.06,0.06,0.05,0.06,1233383425,7197497882
btc,3/12/2021,57821.22,57996.62,55376.65,57332.09,55689944702,1.06937E+12
eth,3/12/2021,1826.55,1839.5,1728.98,1772.1,22435821312,2.03835E+11
doge,3/12/2021,0.06,0.06,0.05,0.06,1287767221,7125032152
btc,3/13/2021,57343.37,61683.86,56217.97,61243.08,60669829814,1.14237E+12
eth,3/13/2021,1772.17,1937.65,1733.64,1924.69,25014689475,2.21412E+11
doge,3/13/2021,0.06,0.06,0.05,0.06,1869833076,8037692870
btc,3/14/2021,61221.13,61597.92,59302.32,59302.32,43901225564,1.10623E+12
eth,3/14/2021,1923.86,1930.78,1845.12,1854.56,19344589211,2.13371E+11
doge,3/14/2021,0.06,0.06,0.06,0.06,2752132530,7544115603
btc,3/15/2021,59267.43,60540.99,55393.17,55907.2,66419369890,1.04295E+12
eth,3/15/2021,1854.09,1889.2,1749.61,1791.7,26244738810,2.06162E+11
doge,3/15/2021,0.06,0.06,0.06,0.06,1738710876,7351218571
btc,3/16/2021,55840.79,56833.18,53555.03,56804.9,59749798599,1.05975E+12
eth,3/16/2021,1792.41,1817.06,1720.05,1806.97,23828509590,2.07944E+11
doge,3/16/2021,0.06,0.06,0.06,0.06,1393771913,7547720122
btc,3/17/2021,56825.83,58969.82,54528.63,58870.89,60258313191,1.09834E+12
eth,3/17/2021,1807.06,1839.82,1749.18,1823.45,24512917348,2.09865E+11
doge,3/17/2021,0.06,0.06,0.06,0.06,861926643,7425583380
btc,3/18/2021,58893.08,60116.25,54253.58,57858.92,55746041000,1.07951E+12
eth,3/18/2021,1823.16,1848.65,1705.72,1782.86,23263845504,2.05217E+11
doge,3/18/2021,0.06,0.06,0.05,0.06,909777445,7391550949
btc,3/19/2021,57850.44,59498.38,56643.7,58346.65,49063873786,1.08867E+12
eth,3/19/2021,1782.57,1841.2,1746.47,1817.62,21249297710,2.09243E+11
doge,3/19/2021,0.06,0.06,0.06,0.06,964747809,7514154611
btc,3/20/2021,58332.26,60031.29,58213.3,58313.64,50361731222,1.08811E+12
eth,3/20/2021,1817.52,1874.71,1811.73,1812.63,22677674970,2.08694E+11
doge,3/20/2021,0.06,0.06,0.06,0.06,1012934488,7596414495
btc,3/21/2021,58309.91,58767.9,56005.62,57523.42,51943414539,1.07342E+12
eth,3/21/2021,1812.61,1823.35,1764.14,1788.22,22977404620,2.05907E+11
doge,3/21/2021,0.06,0.06,0.06,0.06,759592996,7374772308
btc,3/22/2021,57517.89,58471.48,54288.16,54529.15,56521454974,1.0176E+12
eth,3/22/2021,1788.36,1811.97,1674.3,1691.33,23599296129,1.94774E+11
doge,3/22/2021,0.06,0.06,0.05,0.05,696918565,7082689335
btc,3/23/2021,54511.66,55985.44,53470.69,54738.94,56435023914,1.02156E+12
eth,3/23/2021,1690.87,1725.11,1662.54,1678.65,21998237965,1.93336E+11
doge,3/23/2021,0.05,0.06,0.05,0.05,1040781777,6902245900
btc,3/24/2021,54710.49,57262.38,52514.33,52774.26,70567223787,9.84948E+11
eth,3/24/2021,1678,1740.43,1570.79,1593.41,31228051473,1.8354E+11
doge,3/24/2021,0.05,0.06,0.05,0.05,934537959,6664029763
btc,3/25/2021,52726.75,53392.39,50856.57,51704.16,67999812841,9.65029E+11
eth,3/25/2021,1593.12,1625.91,1560.37,1595.36,29650328701,1.83786E+11
doge,3/25/2021,0.05,0.05,0.05,0.05,1084214116,6632093766
btc,3/26/2021,51683.01,55137.31,51579.86,55137.31,56652197978,1.02915E+12
eth,3/26/2021,1595.21,1702.92,1594.74,1702.84,22548516548,1.96191E+11
doge,3/26/2021,0.05,0.05,0.05,0.05,776280028,6955497857
btc,3/27/2021,55137.57,56568.22,54242.91,55973.51,47266542233,1.04481E+12
eth,3/27/2021,1703.04,1732.82,1674.32,1716.49,18102277710,1.97787E+11
doge,3/27/2021,0.05,0.06,0.05,0.05,753844053,7011100665
btc,3/28/2021,55974.94,56610.31,55071.11,55950.75,47686580918,1.04445E+12
eth,3/28/2021,1716.41,1728.58,1672.66,1691.36,16599472938,1.94913E+11
doge,3/28/2021,0.05,0.05,0.05,0.05,460472975,6924335588
btc,3/29/2021,55947.9,58342.1,55139.34,57750.2,57625587027,1.07809E+12
eth,3/29/2021,1691.26,1837.19,1683.72,1819.68,22796570548,2.09727E+11
doge,3/29/2021,0.05,0.05,0.05,0.05,537919140,6970630600
btc,3/30/2021,57750.13,59447.22,57251.55,58917.69,54414116432,1.09994E+12
eth,3/30/2021,1819.47,1860.97,1793.92,1846.03,22512781703,2.12789E+11
doge,3/30/2021,0.05,0.06,0.05,0.05,728906171,6951867440
btc,3/31/2021,58930.28,59930.03,57726.42,58918.83,65520826225,1.10002E+12
eth,3/31/2021,1846.1,1947.84,1793,1918.36,30226902621,2.21152E+11
doge,3/31/2021,0.05,0.05,0.05,0.05,653389282,6921249082
btc,4/1/2021,58926.56,59586.07,58505.28,59095.81,61669163792,1.10338E+12
eth,4/1/2021,1919.16,1989.06,1912.18,1977.28,30914259795,2.2797E+11
doge,4/1/2021,0.05,0.07,0.05,0.06,5816046822,7996434168
btc,4/2/2021,59098.88,60267.19,58869.28,59384.31,58727860620,1.10881E+12
eth,4/2/2021,1976.93,2152.45,1960.68,2143.23,34862511022,2.47132E+11
doge,4/2/2021,0.06,0.06,0.06,0.06,2166925111,7439646120
btc,4/3/2021,59397.41,60110.27,57603.89,57603.89,59641344484,1.07562E+12
eth,4/3/2021,2142.9,2144.96,2028.42,2028.42,32011518871,2.33922E+11
doge,4/3/2021,0.06,0.06,0.06,0.06,1136931403,7200412904
btc,4/4/2021,57604.84,58913.75,57168.68,58758.56,50749662970,1.09723E+12
eth,4/4/2021,2027.67,2110.35,2007.11,2093.12,26006501902,2.41412E+11
doge,4/4/2021,0.06,0.06,0.06,0.06,938035097,7407664648
btc,4/5/2021,58760.87,59891.3,57694.83,59057.88,60706272115,1.10288E+12
eth,4/5/2021,2093.26,2140.99,2032.39,2107.89,28889391170,2.43143E+11
doge,4/5/2021,0.06,0.06,0.06,0.06,1513832721,7704287493
btc,4/6/2021,59171.93,59479.58,57646.81,58192.36,66058027988,1.08677E+12
eth,4/6/2021,2109.49,2151.22,2057.61,2118.38,29222865881,2.44382E+11
doge,4/6/2021,0.06,0.07,0.06,0.06,2608613912,8319797961
btc,4/7/2021,58186.51,58731.14,55604.02,56048.94,75645303584,1.04679E+12
eth,4/7/2021,2117.73,2133.19,1945.44,1971.08,36116271935,2.27415E+11
doge,4/7/2021,0.06,0.07,0.06,0.06,2857060849,7619768371
btc,4/8/2021,56099.91,58338.74,55879.08,58323.95,53053855641,1.08933E+12
eth,4/8/2021,1969.13,2091.52,1959.08,2088.57,25312956529,2.41E+11
doge,4/8/2021,0.06,0.06,0.06,0.06,1055257541,7934992305
btc,4/9/2021,58326.56,58937.05,57807.86,58245,46655208546,1.08791E+12
eth,4/9/2021,2088.77,2102.87,2055.16,2072.11,19812472092,2.39128E+11
doge,4/9/2021,0.06,0.06,0.06,0.06,1060465774,7964226155
btc,4/10/2021,58253.78,61276.67,58038.71,59793.24,58238470525,1.11689E+12
eth,4/10/2021,2071.11,2197,2062.79,2135.94,24986243611,2.46523E+11
doge,4/10/2021,0.06,0.07,0.06,0.06,1369793118,8244132101
btc,4/11/2021,59846.23,60790.56,59289.8,60204.96,46280252580,1.12464E+12
eth,4/11/2021,2136.16,2165.19,2119.87,2157.66,19692836132,2.49059E+11
doge,4/11/2021,0.06,0.08,0.06,0.07,6646627317,9640258366
btc,4/12/2021,60175.94,61253.04,59589.87,59893.45,51828688519,1.11887E+12
eth,4/12/2021,2157.36,2199.72,2110.37,2139.35,21727936609,2.46975E+11
doge,4/12/2021,0.07,0.07,0.07,0.07,2687720380,9139899746
btc,4/13/2021,59890.02,63742.28,59869.96,63503.46,69983454362,1.18636E+12
eth,4/13/2021,2139.36,2318.42,2138.56,2299.19,29456642939,2.65458E+11
doge,4/13/2021,0.07,0.1,0.07,0.09,7176815090,12070137895
btc,4/14/2021,63523.75,64863.1,61554.8,63109.7,77451779687,1.17906E+12
eth,4/14/2021,2299.35,2449.69,2284.56,2435.11,35592822986,2.81184E+11
doge,4/14/2021,0.09,0.14,0.09,0.12,20977679327,15697925271
btc,4/15/2021,63075.2,63821.67,62208.96,63314.01,60954381579,1.18295E+12
eth,4/15/2021,2436.03,2544.27,2409.92,2519.12,32325606817,2.90918E+11
doge,4/15/2021,0.12,0.19,0.12,0.18,17916620386,23540494382
btc,4/16/2021,63258.51,63594.72,60222.53,61572.79,84293007468,1.15046E+12
eth,4/16/2021,2516.6,2547.56,2318.68,2431.95,36196928256,2.80884E+11
doge,4/16/2021,0.18,0.44,0.18,0.37,69410680685,47274068218
btc,4/17/2021,61529.92,62572.18,60361.35,60683.82,66138759198,1.13388E+12
eth,4/17/2021,2429.98,2497.39,2333.68,2344.89,32349808978,2.70861E+11
doge,4/17/2021,0.37,0.37,0.24,0.28,31413404067,36722073277
btc,4/18/2021,60701.89,61057.46,52829.54,56216.19,97468872758,1.05045E+12
eth,4/18/2021,2346.45,2365.46,2011.77,2237.14,50696368718,2.58445E+11
doge,4/18/2021,0.29,0.35,0.25,0.32,23464350388,41417581076
btc,4/19/2021,56191.58,57520.05,54368.59,55724.27,65344865159,1.04129E+12
eth,4/19/2021,2238.03,2276.78,2086.69,2166.19,34060654971,2.50277E+11
doge,4/19/2021,0.32,0.43,0.31,0.41,30641432779,52646623418
btc,4/20/2021,55681.79,57062.15,53448.05,56473.03,67849323955,1.05532E+12
eth,4/20/2021,2161.94,2345.84,2060.14,2330.21,39433483315,2.6926E+11
doge,4/20/2021,0.41,0.42,0.27,0.32,28130646191,41300434109
btc,4/21/2021,56471.13,56757.97,53695.47,53906.09,54926612466,1.00739E+12
eth,4/21/2021,2331.16,2467.2,2238.37,2364.75,38899067643,2.73283E+11
doge,4/21/2021,0.32,0.35,0.3,0.31,12723463706,39679105903
btc,4/22/2021,53857.11,55410.23,50583.81,51762.27,74798630778,9.67372E+11
eth,4/22/2021,2357.87,2641.09,2315.96,2403.54,53575904724,2.77797E+11
doge,4/22/2021,0.31,0.31,0.26,0.26,11879823706,33741377335
btc,4/23/2021,51739.81,52120.79,47714.66,51093.65,86668667320,9.54919E+11
eth,4/23/2021,2401.26,2439.54,2117.04,2363.59,55413933925,2.73212E+11
doge,4/23/2021,0.26,0.27,0.16,0.25,16165566164,32134070797
btc,4/24/2021,51143.23,51167.56,48805.28,50050.87,49014494781,9.35472E+11
eth,4/24/2021,2367.2,2367.74,2163.69,2211.63,31854226936,2.55676E+11
doge,4/24/2021,0.25,0.29,0.23,0.27,11057578568,34944176235
btc,4/25/2021,50052.83,50506.02,47159.49,49004.25,46117114240,9.15956E+11
eth,4/25/2021,2214.41,2354.09,2172.52,2316.06,31814355546,2.67781E+11
doge,4/25/2021,0.27,0.29,0.23,0.25,6849914675,32477418138
btc,4/26/2021,49077.79,54288,48852.8,54021.75,58284039825,1.00978E+12
eth,4/26/2021,2319.48,2536.34,2308.32,2534.48,35208325408,2.93069E+11
doge,4/26/2021,0.25,0.28,0.25,0.27,5118886527,35011409694
btc,4/27/2021,54030.3,55416.96,53319.19,55033.12,49448222757,1.02873E+12
eth,4/27/2021,2534.03,2676.39,2485.38,2662.87,32275969215,3.0795E+11
doge,4/27/2021,0.27,0.28,0.26,0.27,3590611310,35210893019
btc,4/28/2021,55036.64,56227.21,53887.92,54824.7,48000572955,1.02489E+12
eth,4/28/2021,2664.69,2757.48,2564.08,2746.38,34269031076,3.17646E+11
doge,4/28/2021,0.27,0.34,0.26,0.32,14464343767,41876610359
btc,4/29/2021,54858.09,55115.84,52418.03,53555.11,46088929780,1.00119E+12
eth,4/29/2021,2748.65,2797.97,2672.11,2756.88,32578127990,3.18897E+11
doge,4/29/2021,0.32,0.32,0.3,0.31,5027354503,39485786704
btc,4/30/2021,53568.66,57900.72,53129.6,57750.18,52395931985,1.07967E+12
eth,4/30/2021,2757.73,2796.05,2728.17,2773.21,29777179889,3.20823E+11
doge,4/30/2021,0.3,0.34,0.3,0.34,5290390982,43681559535
btc,5/1/2021,57714.66,58448.34,57052.27,57828.05,42836427360,1.08117E+12
eth,5/1/2021,2772.84,2951.44,2755.91,2945.89,28726205272,3.4084E+11
doge,5/1/2021,0.34,0.4,0.33,0.39,10123343703,50860335491
btc,5/2/2021,57825.86,57902.59,56141.91,56631.08,38177405335,1.05886E+12
eth,5/2/2021,2945.56,2984.89,2860.53,2952.06,28032013047,3.41593E+11
doge,5/2/2021,0.39,0.4,0.36,0.38,8040406918,48672985630
btc,5/3/2021,56620.27,58973.31,56590.87,57200.29,51713139031,1.06956E+12
eth,5/3/2021,2951.18,3450.04,2951.18,3431.09,49174290212,3.9707E+11
doge,5/3/2021,0.37,0.45,0.37,0.44,10526649978,57177802914
btc,5/4/2021,57214.18,57214.18,53191.43,53333.54,68564706967,9.97324E+11
eth,5/4/2021,3431.13,3523.59,3180.74,3253.63,62402045158,3.76577E+11
doge,5/4/2021,0.44,0.61,0.4,0.54,38238126181,70081925802
btc,5/5/2021,53252.16,57911.36,52969.06,57424.01,69241316747,1.07387E+12
eth,5/5/2021,3240.55,3541.46,3213.1,3522.78,48334198383,4.07777E+11
doge,5/5/2021,0.54,0.7,0.52,0.66,42525098292,85147176077
btc,5/6/2021,57441.31,58363.31,55382.51,56396.51,69523285106,1.05471E+12
eth,5/6/2021,3524.93,3598.9,3386.24,3490.88,44300394788,4.04131E+11
doge,5/6/2021,0.65,0.66,0.55,0.58,18989900291,75207782074
btc,5/7/2021,56413.95,58606.63,55321.85,57356.4,68434023376,1.07273E+12
eth,5/7/2021,3490.11,3573.29,3370.26,3484.73,39607240515,4.03466E+11
doge,5/7/2021,0.58,0.73,0.52,0.68,28615083657,88680824303
btc,5/8/2021,57352.77,59464.61,56975.21,58803.78,65382980634,1.09986E+12
eth,5/8/2021,3481.99,3950.16,3453.77,3902.65,50208491286,4.51906E+11
doge,5/8/2021,0.69,0.74,0.61,0.64,25555125135,82429781487
btc,5/9/2021,58877.39,59210.88,56482,58232.32,65906690347,1.08924E+12
eth,5/9/2021,3911.46,3981.26,3743.99,3928.84,50568290278,4.54992E+11
doge,5/9/2021,0.64,0.7,0.43,0.57,46138063928,73841942943
btc,5/10/2021,58250.87,59519.35,54071.46,55859.8,71776546298,1.04493E+12
eth,5/10/2021,3924.41,4197.47,3684.45,3952.29,62691789007,4.57761E+11
doge,5/10/2021,0.57,0.57,0.42,0.45,16514521828,58290605343
btc,5/11/2021,55847.24,56872.54,54608.65,56704.57,61308396325,1.06079E+12
eth,5/11/2021,3948.27,4178.21,3783.89,4168.7,52679737865,4.82882E+11
doge,5/11/2021,0.45,0.55,0.45,0.5,14566975476,64161634641
btc,5/12/2021,56714.53,57939.36,49150.53,49150.53,75215403907,9.19528E+11
eth,5/12/2021,4174.64,4362.35,3785.85,3785.85,69023382175,4.38585E+11
doge,5/12/2021,0.49,0.52,0.39,0.39,8621337859,49932901319
btc,5/13/2021,49735.43,51330.84,46980.02,49716.19,96721152926,9.30161E+11
eth,5/13/2021,3828.92,4032.56,3549.41,3715.15,78398214539,4.30445E+11
doge,5/13/2021,0.39,0.52,0.36,0.49,18663174069,63544125614
btc,5/14/2021,49682.98,51438.12,48868.58,49880.53,55737497453,9.33277E+11
eth,5/14/2021,3720.12,4171.02,3703.4,4079.06,48174271215,4.72664E+11
doge,5/14/2021,0.49,0.59,0.46,0.56,20466177002,72522897885
btc,5/15/2021,49855.49,50639.67,46664.14,46760.19,59161047474,8.74931E+11
eth,5/15/2021,4075.95,4129.19,3638.12,3638.12,42422321751,4.21619E+11
doge,5/15/2021,0.56,0.56,0.49,0.51,9836892944,65838461456
btc,5/16/2021,46716.64,49720.04,43963.35,46456.06,64047871555,8.69279E+11
eth,5/16/2021,3641.83,3878.9,3350.95,3587.51,47359478734,4.15802E+11
doge,5/16/2021,0.51,0.55,0.45,0.51,9541552064,66742824282
btc,5/17/2021,46415.9,46623.56,42207.29,43537.51,74903638450,8.14702E+11
eth,5/17/2021,3581.34,3587.77,3129.01,3282.4,54061732774,3.80483E+11
doge,5/17/2021,0.51,0.52,0.46,0.49,7330830504,63249211418
btc,5/18/2021,43488.06,45812.46,42367.83,42909.4,56187365084,8.02974E+11
eth,5/18/2021,3276.87,3562.47,3246.4,3380.07,40416525218,3.9185E+11
doge,5/18/2021,0.49,0.52,0.47,0.48,4802902841,61729644541
btc,5/19/2021,42944.98,43546.12,30681.5,37002.44,1.26358E+11,6.92453E+11
eth,5/19/2021,3382.66,3437.94,1952.46,2460.68,84482912776,2.85299E+11
doge,5/19/2021,0.48,0.68,0.22,0.33,15072620946,43194982873
btc,5/20/2021,36753.67,42462.98,35050.62,40782.74,88281943359,7.63196E+11
eth,5/20/2021,2439.64,2993.15,2170.23,2784.29,67610826680,3.22857E+11
doge,5/20/2021,0.33,0.43,0.3,0.4,12415484460,51897302336
btc,5/21/2021,40596.95,42172.17,33616.45,37304.69,82051616861,6.98109E+11
eth,5/21/2021,2772.34,2938.21,2113.35,2430.62,53774070802,2.81879E+11
doge,5/21/2021,0.4,0.41,0.31,0.36,7452862203,46609753575
btc,5/22/2021,37371.03,38831.05,35383.68,37536.63,57377273240,7.02449E+11
eth,5/22/2021,2436.01,2483.98,2168.12,2295.71,42089937660,2.66264E+11
doge,5/22/2021,0.36,0.36,0.32,0.34,5243222352,44408253680
btc,5/23/2021,37531.45,38289.22,31227.34,34770.58,78469274361,6.50686E+11
eth,5/23/2021,2298.37,2384.41,1737.47,2109.58,56005721977,2.44705E+11
doge,5/23/2021,0.34,0.35,0.25,0.31,7143545371,39963404929
btc,5/24/2021,34700.36,39835.14,34551.08,38705.98,67359584098,7.24332E+11
eth,5/24/2021,2099.94,2672.6,2090.64,2643.59,53697121740,3.06684E+11
doge,5/24/2021,0.31,0.37,0.3,0.37,6821088755,47504120043
btc,5/25/2021,38795.78,39776.35,36581.43,38402.22,56211915803,7.18829E+11
eth,5/25/2021,2649.03,2750.53,2394.36,2706.63,49558333256,3.14033E+11
doge,5/25/2021,0.37,0.38,0.32,0.35,5544552739,44932307822
btc,5/26/2021,38392.62,40782.08,37905.83,39294.2,51346735160,7.35556E+11
eth,5/26/2021,2707.05,2911.74,2652.09,2888.7,42499766020,3.35196E+11
doge,5/26/2021,0.35,0.37,0.34,0.35,3355793260,45896157271
btc,5/27/2021,39316.89,40379.62,37247.9,38436.97,43210968721,7.19538E+11
eth,5/27/2021,2888.75,2888.75,2642.61,2736.49,33373635283,3.17571E+11
doge,5/27/2021,0.35,0.35,0.33,0.33,2485942309,43208473793
btc,5/28/2021,38507.08,38856.97,34779.04,35697.61,55200191952,6.68284E+11
eth,5/28/2021,2742.47,2761.36,2336.36,2419.91,39999114805,2.80864E+11
doge,5/28/2021,0.33,0.35,0.3,0.31,3289455640,40391360016
btc,5/29/2021,35684.16,37234.5,33693.93,34616.07,45231013335,6.48061E+11
eth,5/29/2021,2414.07,2566.94,2208.49,2279.51,33773720220,2.646E+11
doge,5/29/2021,0.31,0.32,0.28,0.3,2470710737,39344899569
btc,5/30/2021,34607.41,36400.67,33520.74,35678.13,31646080921,6.67977E+11
eth,5/30/2021,2278.29,2472.19,2188.83,2390.31,25876619428,2.77493E+11
doge,5/30/2021,0.3,0.31,0.29,0.3,1929947933,39232589726
btc,5/31/2021,35658.59,37468.25,34241.94,37332.85,39009847639,6.9899E+11
eth,5/31/2021,2387.2,2715.86,2279.51,2714.95,31007383150,3.15217E+11
doge,5/31/2021,0.3,0.33,0.29,0.33,2440829325,42298953606
btc,6/1/2021,37293.79,37896.74,35787.09,36684.92,34639423297,6.86891E+11
eth,6/1/2021,2707.56,2739.74,2531.16,2633.52,27363223090,3.05799E+11
doge,6/1/2021,0.33,0.38,0.31,0.37,5796031087,48050998401
