Type,Date,Open,High,Low,Close,Adj. close,Volume
s&p,1/2/2008,"1,467.97","1,471.77","1,442.07","1,447.16","1,447.16","3,45,26,50,000"
nasdaq,1/2/2008,2653.909912,2661.5,2597.810059,2609.629883,2609.629883,2076690000
s&p,1/3/2008,"1,447.55","1,456.80","1,443.73","1,447.16","1,447.16","3,42,95,00,000"
nasdaq,1/3/2008,2611.959961,2624.27002,2592.179932,2602.679932,2602.679932,1970200000
s&p,1/4/2008,"1,444.01","1,444.01","1,411.19","1,411.63","1,411.63","4,16,60,00,000"
nasdaq,1/4/2008,2571.080078,2571.080078,2502.679932,2504.649902,2504.649902,2516310000
s&p,1/7/2008,"1,414.07","1,423.87","1,403.45","1,416.18","1,416.18","4,22,12,60,000"
nasdaq,1/7/2008,2514.149902,2521.620117,2471.22998,2499.459961,2499.459961,2600100000
s&p,1/8/2008,"1,415.71","1,430.28","1,388.30","1,390.19","1,390.19","4,70,53,90,000"
nasdaq,1/8/2008,2506.969971,2527.419922,2440.51001,2440.51001,2440.51001,2566480000
s&p,1/9/2008,"1,390.25","1,409.19","1,378.70","1,409.13","1,409.13","5,35,10,30,000"
nasdaq,1/9/2008,2443.850098,2474.550049,2407.389893,2474.550049,2474.550049,2821160000
s&p,1/10/2008,"1,406.78","1,429.09","1,395.31","1,420.33","1,420.33","5,17,04,90,000"
nasdaq,1/10/2008,2452.120117,2503.550049,2446.800049,2488.52002,2488.52002,2640400000
s&p,1/11/2008,"1,419.91","1,419.91","1,394.83","1,401.02","1,401.02","4,49,58,40,000"
nasdaq,1/11/2008,2471.860107,2473.949951,2428.850098,2439.939941,2439.939941,2355490000
s&p,1/14/2008,"1,402.91","1,417.89","1,402.91","1,416.25","1,416.25","3,68,20,90,000"
nasdaq,1/14/2008,2470.870117,2483.129883,2455.340088,2478.300049,2478.300049,2134230000
s&p,1/15/2008,"1,411.88","1,411.88","1,380.60","1,380.95","1,380.95","4,60,16,40,000"
nasdaq,1/15/2008,2449.040039,2455.290039,2412.469971,2417.590088,2417.590088,2390120000
s&p,1/16/2008,"1,377.41","1,391.99","1,364.27","1,373.20","1,373.20","5,44,06,20,000"
nasdaq,1/16/2008,2390.560059,2429.580078,2361.219971,2394.590088,2394.590088,3397330000
s&p,1/17/2008,"1,374.79","1,377.72","1,330.67","1,333.25","1,333.25","5,30,31,30,000"
nasdaq,1/17/2008,2405.73999,2416.51001,2343.649902,2346.899902,2346.899902,2785930000
s&p,1/18/2008,"1,333.90","1,350.28","1,312.51","1,325.19","1,325.19","6,00,48,40,000"
nasdaq,1/18/2008,2365.560059,2384.209961,2323.290039,2340.02002,2340.02002,2991360000
s&p,1/22/2008,"1,312.94","1,322.09","1,274.29","1,310.50","1,310.50","6,54,46,90,000"
nasdaq,1/22/2008,2221.199951,2318.600098,2221.199951,2292.27002,2292.27002,3161430000
s&p,1/23/2008,"1,310.41","1,339.09","1,270.05","1,338.60","1,338.60","3,24,16,80,000"
nasdaq,1/23/2008,2226.77002,2320.129883,2202.540039,2316.409912,2316.409912,3650250000
s&p,1/24/2008,"1,340.13","1,355.15","1,334.31","1,352.07","1,352.07","5,73,53,00,000"
nasdaq,1/24/2008,2328.860107,2361.889893,2326.370117,2360.919922,2360.919922,2928900000
s&p,1/25/2008,"1,357.32","1,368.56","1,327.50","1,330.61","1,330.61","4,88,22,50,000"
nasdaq,1/25/2008,2402.800049,2408.219971,2322.560059,2326.199951,2326.199951,2599410000
s&p,1/28/2008,"1,330.70","1,353.97","1,322.26","1,353.96","1,353.96","4,10,09,30,000"
nasdaq,1/28/2008,2324.850098,2349.909912,2306.639893,2349.909912,2349.909912,2033860000
s&p,1/29/2008,"1,355.94","1,364.93","1,350.19","1,362.30","1,362.30","4,23,29,60,000"
nasdaq,1/29/2008,2360.429932,2362.110107,2332,2358.060059,2358.060059,2160040000
s&p,1/30/2008,"1,362.22","1,385.86","1,352.95","1,355.81","1,355.81","4,74,27,60,000"
nasdaq,1/30/2008,2346.360107,2396,2343.879883,2349,2349,2618850000
s&p,1/31/2008,"1,351.98","1,385.62","1,334.08","1,378.55","1,378.55","4,97,02,90,000"
nasdaq,1/31/2008,2317.110107,2403.459961,2313.52002,2389.860107,2389.860107,2813420000
s&p,2/1/2008,"1,378.60","1,396.02","1,375.93","1,395.42","1,395.42","4,65,07,70,000"
nasdaq,2/1/2008,2392.580078,2419.22998,2374.5,2413.360107,2413.360107,3060180000
s&p,2/4/2008,"1,395.38","1,395.38","1,379.69","1,380.82","1,380.82","3,49,57,80,000"
nasdaq,2/4/2008,2413.419922,2413.419922,2382.090088,2382.850098,2382.850098,2050940000
s&p,2/5/2008,"1,380.28","1,380.28","1,336.64","1,336.64","1,336.64","4,31,57,40,000"
nasdaq,2/5/2008,2344.810059,2359.429932,2309.570068,2309.570068,2309.570068,2501820000
s&p,2/6/2008,"1,339.48","1,351.96","1,324.34","1,326.45","1,326.45","4,00,81,20,000"
nasdaq,2/6/2008,2327.179932,2338.27002,2277.27002,2278.75,2278.75,2362020000
s&p,2/7/2008,"1,324.01","1,347.16","1,316.75","1,336.91","1,336.91","4,58,91,60,000"
nasdaq,2/7/2008,2259.620117,2318.52002,2252.649902,2293.030029,2293.030029,2946360000
s&p,2/8/2008,"1,336.88","1,341.22","1,321.06","1,331.29","1,331.29","3,76,84,90,000"
nasdaq,2/8/2008,2290.5,2318.669922,2280.27002,2304.850098,2304.850098,2229330000
s&p,2/11/2008,"1,331.92","1,341.40","1,320.32","1,339.13","1,339.13","3,59,31,40,000"
nasdaq,2/11/2008,2310.75,2326.22998,2294.419922,2320.060059,2320.060059,2072270000
s&p,2/12/2008,"1,340.55","1,362.10","1,339.36","1,348.86","1,348.86","4,04,46,40,000"
nasdaq,2/12/2008,2333.310059,2349.550049,2305.830078,2320.040039,2320.040039,2183530000
s&p,2/13/2008,"1,353.12","1,369.23","1,350.78","1,367.21","1,367.21","3,85,64,20,000"
nasdaq,2/13/2008,2347.219971,2373.929932,2338.909912,2373.929932,2373.929932,2174670000
s&p,2/14/2008,"1,367.33","1,368.16","1,347.31","1,348.86","1,348.86","3,64,47,60,000"
nasdaq,2/14/2008,2376.219971,2376.219971,2328.590088,2332.540039,2332.540039,2267580000
s&p,2/15/2008,"1,347.52","1,350.00","1,338.13","1,349.99","1,349.99","3,58,33,00,000"
nasdaq,2/15/2008,2320.580078,2329.169922,2305.810059,2321.800049,2321.800049,1999540000
s&p,2/19/2008,"1,355.86","1,367.28","1,345.05","1,348.78","1,348.78","3,61,35,50,000"
nasdaq,2/19/2008,2348.97998,2352.790039,2300.100098,2306.199951,2306.199951,1988690000
s&p,2/20/2008,"1,348.39","1,363.71","1,336.55","1,360.03","1,360.03","3,87,05,20,000"
nasdaq,2/20/2008,2292.820068,2331.699951,2291.23999,2327.100098,2327.100098,2258180000
s&p,2/21/2008,"1,362.21","1,367.94","1,339.34","1,342.53","1,342.53","3,69,66,60,000"
nasdaq,2/21/2008,2344.080078,2353.790039,2294.77002,2299.780029,2299.780029,2277540000
s&p,2/22/2008,"1,344.22","1,354.30","1,327.04","1,353.11","1,353.11","3,57,26,60,000"
nasdaq,2/22/2008,2306.610107,2308.76001,2265.360107,2303.350098,2303.350098,2324450000
s&p,2/25/2008,"1,352.75","1,374.36","1,346.03","1,371.80","1,371.80","3,86,63,50,000"
nasdaq,2/25/2008,2303.409912,2333.709961,2294.379883,2327.47998,2327.47998,2152880000
s&p,2/26/2008,"1,371.76","1,387.34","1,363.29","1,381.29","1,381.29","4,09,60,60,000"
nasdaq,2/26/2008,2314.419922,2361.100098,2311.320068,2344.98999,2344.98999,2263650000
s&p,2/27/2008,"1,378.95","1,388.34","1,372.00","1,380.02","1,380.02","3,90,47,00,000"
nasdaq,2/27/2008,2329.159912,2363.52002,2326.340088,2353.780029,2353.780029,2216540000
s&p,2/28/2008,"1,378.16","1,378.16","1,363.16","1,367.68","1,367.68","3,93,85,80,000"
nasdaq,2/28/2008,2342.560059,2352.879883,2324.469971,2331.570068,2331.570068,2032040000
s&p,2/29/2008,"1,364.07","1,364.07","1,325.42","1,330.63","1,330.63","4,42,67,30,000"
nasdaq,2/29/2008,2309.060059,2311.22998,2264.969971,2271.47998,2271.47998,2405360000
s&p,3/3/2008,"1,330.45","1,335.13","1,320.04","1,331.34","1,331.34","4,11,75,70,000"
nasdaq,3/3/2008,2271.26001,2275.75,2240.300049,2258.600098,2258.600098,2145070000
s&p,3/4/2008,"1,329.58","1,331.03","1,307.39","1,326.75","1,326.75","4,75,71,80,000"
nasdaq,3/4/2008,2244.209961,2266.370117,2221.090088,2260.280029,2260.280029,2669980000
s&p,3/5/2008,"1,327.69","1,344.19","1,320.22","1,333.70","1,333.70","4,27,77,10,000"
nasdaq,3/5/2008,2266.48999,2290.01001,2254.199951,2272.810059,2272.810059,2209090000
s&p,3/6/2008,"1,332.20","1,332.20","1,303.42","1,304.34","1,304.34","4,32,34,60,000"
nasdaq,3/6/2008,2265.669922,2272.199951,2219.330078,2220.5,2220.5,2165090000
s&p,3/7/2008,"1,301.53","1,313.24","1,282.43","1,293.37","1,293.37","4,56,54,10,000"
nasdaq,3/7/2008,2204.47998,2242.5,2186.929932,2212.48999,2212.48999,2386980000
s&p,3/10/2008,"1,293.16","1,295.01","1,272.66","1,273.37","1,273.37","4,26,12,40,000"
nasdaq,3/10/2008,2211.139893,2216.889893,2168.669922,2169.340088,2169.340088,2101010000
s&p,3/11/2008,"1,274.40","1,320.65","1,274.40","1,320.65","1,320.65","5,10,90,80,000"
nasdaq,3/11/2008,2209.649902,2255.76001,2192.5,2255.76001,2255.76001,2526040000
s&p,3/12/2008,"1,321.13","1,333.26","1,307.86","1,308.77","1,308.77","4,41,42,80,000"
nasdaq,3/12/2008,2259.969971,2282.610107,2241.379883,2243.870117,2243.870117,2077140000
s&p,3/13/2008,"1,305.26","1,321.68","1,282.11","1,315.48","1,315.48","5,07,33,60,000"
nasdaq,3/13/2008,2219.280029,2272.550049,2199.379883,2263.610107,2263.610107,2419220000
s&p,3/14/2008,"1,316.05","1,321.47","1,274.86","1,288.14","1,288.14","5,15,37,80,000"
nasdaq,3/14/2008,2271.209961,2277.110107,2191.75,2212.48999,2212.48999,2547310000
s&p,3/17/2008,"1,283.21","1,287.50","1,256.98","1,276.60","1,276.60","5,68,30,10,000"
nasdaq,3/17/2008,2166.939941,2200.530029,2155.419922,2177.01001,2177.01001,2338210000
s&p,3/18/2008,"1,277.16","1,330.74","1,277.16","1,330.74","1,330.74","5,33,56,30,000"
nasdaq,3/18/2008,2215.610107,2268.26001,2206.810059,2268.26001,2268.26001,2411630000
s&p,3/19/2008,"1,330.97","1,341.51","1,298.42","1,298.42","1,298.42","5,35,85,50,000"
nasdaq,3/19/2008,2272.120117,2280.899902,2209.959961,2209.959961,2209.959961,2265420000
s&p,3/20/2008,"1,299.67","1,330.67","1,295.22","1,329.51","1,329.51","6,14,52,20,000"
nasdaq,3/20/2008,2220.5,2258.110107,2208.120117,2258.110107,2258.110107,2764480000
s&p,3/24/2008,"1,330.29","1,359.68","1,330.29","1,349.88","1,349.88","4,49,90,00,000"
nasdaq,3/24/2008,2268.199951,2336.699951,2268.199951,2326.75,2326.75,2312600000
s&p,3/25/2008,"1,349.07","1,357.47","1,341.21","1,352.99","1,352.99","4,14,51,20,000"
nasdaq,3/25/2008,2329.159912,2346.780029,2312.060059,2341.050049,2341.050049,2099060000
s&p,3/26/2008,"1,352.45","1,352.45","1,336.41","1,341.13","1,341.13","4,05,56,70,000"
nasdaq,3/26/2008,2328.620117,2331.179932,2306.48999,2324.360107,2324.360107,1915210000
s&p,3/27/2008,"1,340.34","1,345.62","1,325.66","1,325.76","1,325.76","4,03,79,30,000"
nasdaq,3/27/2008,2315.040039,2315.909912,2280.469971,2280.830078,2280.830078,2038770000
s&p,3/28/2008,"1,327.02","1,334.87","1,312.95","1,315.22","1,315.22","3,68,69,80,000"
nasdaq,3/28/2008,2291.320068,2304.709961,2256.870117,2261.179932,2261.179932,1785770000
s&p,3/31/2008,"1,315.92","1,328.52","1,312.81","1,322.70","1,322.70","4,18,89,90,000"
nasdaq,3/31/2008,2265.149902,2289.699951,2260.590088,2279.100098,2279.100098,1788360000
s&p,4/1/2008,"1,326.41","1,370.18","1,326.41","1,370.18","1,370.18","4,74,51,20,000"
nasdaq,4/1/2008,2306.51001,2362.75,2305.399902,2362.75,2362.75,2160120000
s&p,4/2/2008,"1,369.96","1,377.95","1,361.55","1,367.53","1,367.53","4,32,04,40,000"
nasdaq,4/2/2008,2363.419922,2381.209961,2347.780029,2361.399902,2361.399902,1996680000
s&p,4/3/2008,"1,365.69","1,375.66","1,358.68","1,369.31","1,369.31","3,92,01,00,000"
nasdaq,4/3/2008,2347.909912,2373.98999,2339.379883,2363.300049,2363.300049,1993480000
s&p,4/4/2008,"1,369.85","1,380.91","1,362.83","1,370.40","1,370.40","3,70,31,00,000"
nasdaq,4/4/2008,2366.909912,2391.929932,2351.76001,2370.97998,2370.97998,1977560000
s&p,4/7/2008,"1,373.69","1,386.74","1,369.02","1,372.54","1,372.54","3,74,77,80,000"
nasdaq,4/7/2008,2386.620117,2390.040039,2359.540039,2364.830078,2364.830078,1730020000
s&p,4/8/2008,"1,370.16","1,370.16","1,360.62","1,365.54","1,365.54","3,60,25,00,000"
nasdaq,4/8/2008,2353.580078,2359.399902,2337.840088,2348.76001,2348.76001,1635290000
s&p,4/9/2008,"1,365.50","1,368.39","1,349.97","1,354.49","1,354.49","3,55,66,70,000"
nasdaq,4/9/2008,2351.939941,2353.540039,2311.449951,2322.120117,2322.120117,1922050000
s&p,4/10/2008,"1,355.37","1,367.24","1,350.11","1,360.55","1,360.55","3,68,61,50,000"
nasdaq,4/10/2008,2326.780029,2363.909912,2324.389893,2351.699951,2351.699951,2159000000
s&p,4/11/2008,"1,357.98","1,357.98","1,331.21","1,332.83","1,332.83","3,72,37,90,000"
nasdaq,4/11/2008,2327.699951,2328.449951,2286.189941,2290.23999,2290.23999,1902540000
s&p,4/14/2008,"1,332.20","1,335.64","1,326.16","1,328.32","1,328.32","3,56,50,20,000"
nasdaq,4/14/2008,2287.02002,2296.72998,2274.909912,2275.820068,2275.820068,1626710000
s&p,4/15/2008,"1,331.72","1,337.72","1,324.35","1,334.43","1,334.43","3,58,12,30,000"
nasdaq,4/15/2008,2287.429932,2291.120117,2266.290039,2286.040039,2286.040039,1884750000
s&p,4/16/2008,"1,337.02","1,365.49","1,337.02","1,364.71","1,364.71","4,26,03,70,000"
nasdaq,4/16/2008,2313.419922,2352.209961,2313.419922,2350.110107,2350.110107,2128770000
s&p,4/17/2008,"1,363.37","1,368.60","1,357.25","1,365.56","1,365.56","3,71,38,80,000"
nasdaq,4/17/2008,2347.320068,2348.310059,2327.659912,2341.830078,2341.830078,1779300000
s&p,4/18/2008,"1,369.00","1,395.90","1,369.00","1,390.33","1,390.33","4,22,23,80,000"
nasdaq,4/18/2008,2394.52002,2412.780029,2383.23999,2402.969971,2402.969971,2190920000
s&p,4/21/2008,"1,387.72","1,390.23","1,379.25","1,388.17","1,388.17","3,42,05,70,000"
nasdaq,4/21/2008,2393.070068,2410.969971,2389.820068,2408.040039,2408.040039,1601280000
s&p,4/22/2008,"1,386.43","1,386.43","1,369.84","1,375.94","1,375.94","3,82,19,00,000"
nasdaq,4/22/2008,2397.120117,2397.169922,2361.669922,2376.939941,2376.939941,1941680000
s&p,4/23/2008,"1,378.40","1,387.87","1,372.24","1,379.93","1,379.93","4,10,36,10,000"
nasdaq,4/23/2008,2391.639893,2412.530029,2382.77002,2405.209961,2405.209961,2181580000
s&p,4/24/2008,"1,380.52","1,397.72","1,371.09","1,388.82","1,388.82","4,46,16,60,000"
nasdaq,4/24/2008,2408.25,2447.280029,2383.76001,2428.919922,2428.919922,2337160000
s&p,4/25/2008,"1,387.88","1,399.11","1,379.98","1,397.84","1,397.84","3,89,11,50,000"
nasdaq,4/25/2008,2424.679932,2427.090088,2391.149902,2422.929932,2422.929932,1956260000
s&p,4/28/2008,"1,397.96","1,402.90","1,394.40","1,396.37","1,396.37","3,60,70,00,000"
nasdaq,4/28/2008,2422.629883,2437,2416.899902,2424.399902,2424.399902,1724680000
s&p,4/29/2008,"1,395.61","1,397.00","1,386.70","1,390.94","1,390.94","3,81,53,20,000"
nasdaq,4/29/2008,2420,2435.379883,2412.100098,2426.100098,2426.100098,1769030000
s&p,4/30/2008,"1,391.22","1,404.57","1,384.25","1,385.59","1,385.59","4,50,88,90,000"
nasdaq,4/30/2008,2434.199951,2451.189941,2406.370117,2412.800049,2412.800049,2127390000
s&p,5/1/2008,"1,385.97","1,410.07","1,383.07","1,409.34","1,409.34","4,44,87,80,000"
nasdaq,5/1/2008,2416.48999,2480.709961,2416.48999,2480.709961,2480.709961,2344770000
s&p,5/2/2008,"1,409.16","1,422.72","1,406.25","1,413.90","1,413.90","3,95,30,30,000"
nasdaq,5/2/2008,2499.139893,2499.139893,2461.459961,2476.98999,2476.98999,2279510000
s&p,5/5/2008,"1,415.34","1,415.34","1,404.37","1,407.49","1,407.49","3,41,00,90,000"
nasdaq,5/5/2008,2475.310059,2486.050049,2458.120117,2464.120117,2464.120117,2085110000
s&p,5/6/2008,"1,405.60","1,421.57","1,397.10","1,418.26","1,418.26","3,92,41,00,000"
nasdaq,5/6/2008,2455.110107,2488.830078,2445.370117,2483.310059,2483.310059,2097260000
s&p,5/7/2008,"1,417.49","1,419.54","1,391.16","1,392.57","1,392.57","4,07,58,60,000"
nasdaq,5/7/2008,2483.030029,2496.649902,2435.76001,2438.48999,2438.48999,2238810000
s&p,5/8/2008,"1,394.29","1,402.35","1,389.39","1,397.68","1,397.68","3,82,75,50,000"
nasdaq,5/8/2008,2450.01001,2462.51001,2436.610107,2451.23999,2451.23999,2031770000
s&p,5/9/2008,"1,394.90","1,394.90","1,384.11","1,388.28","1,388.28","3,51,86,20,000"
nasdaq,5/9/2008,2432.550049,2455.330078,2429.030029,2445.52002,2445.52002,1711510000
s&p,5/12/2008,"1,389.40","1,404.06","1,386.20","1,403.58","1,403.58","3,37,06,30,000"
nasdaq,5/12/2008,2454.649902,2490.219971,2446.360107,2488.48999,2488.48999,1769330000
s&p,5/13/2008,"1,404.40","1,406.30","1,396.26","1,403.04","1,403.04","4,01,85,90,000"
nasdaq,5/13/2008,2491.02002,2498.070068,2472.580078,2495.120117,2495.120117,1895250000
s&p,5/14/2008,"1,405.65","1,420.19","1,405.65","1,408.66","1,408.66","3,97,93,70,000"
nasdaq,5/14/2008,2503.280029,2528.399902,2493.580078,2496.699951,2496.699951,2129270000
s&p,5/15/2008,"1,408.36","1,424.40","1,406.87","1,423.57","1,423.57","3,83,64,80,000"
nasdaq,5/15/2008,2496.439941,2535.189941,2492.949951,2533.72998,2533.72998,2176320000
s&p,5/16/2008,"1,423.89","1,425.82","1,414.35","1,425.35","1,425.35","3,84,25,90,000"
nasdaq,5/16/2008,2537.409912,2537.409912,2504.179932,2528.850098,2528.850098,2286090000
s&p,5/19/2008,"1,425.28","1,440.24","1,421.63","1,426.63","1,426.63","3,68,39,70,000"
nasdaq,5/19/2008,2530.820068,2551.469971,2505.600098,2516.090088,2516.090088,2269590000
s&p,5/20/2008,"1,424.49","1,424.49","1,409.09","1,413.40","1,413.40","3,85,43,20,000"
nasdaq,5/20/2008,2505.860107,2506.189941,2479.370117,2492.26001,2492.26001,1991010000
s&p,5/21/2008,"1,414.06","1,419.12","1,388.81","1,390.71","1,390.71","4,51,79,90,000"
nasdaq,5/21/2008,2497.389893,2508.899902,2444.98999,2448.27002,2448.27002,2166450000
s&p,5/22/2008,"1,390.83","1,399.07","1,390.23","1,394.35","1,394.35","3,95,59,60,000"
nasdaq,5/22/2008,2454.73999,2474.530029,2448.840088,2464.580078,2464.580078,1932080000
s&p,5/23/2008,"1,392.20","1,392.20","1,373.72","1,375.93","1,375.93","3,51,63,80,000"
nasdaq,5/23/2008,2454.139893,2456,2430.360107,2444.669922,2444.669922,1734070000
s&p,5/27/2008,"1,375.97","1,387.40","1,373.07","1,385.35","1,385.35","3,58,88,60,000"
nasdaq,5/27/2008,2450.52002,2482.080078,2448.580078,2481.23999,2481.23999,1742710000
s&p,5/28/2008,"1,386.54","1,391.25","1,378.16","1,390.84","1,390.84","3,92,72,40,000"
nasdaq,5/28/2008,2491.5,2493.379883,2465.590088,2486.699951,2486.699951,1792750000
s&p,5/29/2008,"1,390.50","1,406.32","1,388.59","1,398.26","1,398.26","3,89,44,40,000"
nasdaq,5/29/2008,2486.090088,2522.139893,2485.919922,2508.320068,2508.320068,1956100000
s&p,5/30/2008,"1,398.36","1,404.46","1,398.08","1,400.38","1,400.38","3,84,56,30,000"
nasdaq,5/30/2008,2519.139893,2530.159912,2510.649902,2522.659912,2522.659912,2153350000
s&p,6/2/2008,"1,399.62","1,399.62","1,377.79","1,385.67","1,385.67","3,71,43,20,000"
nasdaq,6/2/2008,2514.820068,2516.370117,2471.409912,2491.530029,2491.530029,1972760000
s&p,6/3/2008,"1,386.42","1,393.12","1,370.12","1,377.65","1,377.65","4,39,63,80,000"
nasdaq,6/3/2008,2500.5,2513.889893,2460.560059,2480.47998,2480.47998,2148040000
s&p,6/4/2008,"1,376.26","1,388.18","1,371.74","1,377.20","1,377.20","4,33,86,40,000"
nasdaq,6/4/2008,2473.030029,2518.709961,2471.52002,2503.139893,2503.139893,2153510000
s&p,6/5/2008,"1,377.48","1,404.05","1,377.48","1,404.05","1,404.05","4,35,07,90,000"
nasdaq,6/5/2008,2509.48999,2549.939941,2504.570068,2549.939941,2549.939941,2254760000
s&p,6/6/2008,"1,400.06","1,400.06","1,359.90","1,360.68","1,360.68","4,77,16,60,000"
nasdaq,6/6/2008,2528.52002,2529.969971,2474.560059,2474.560059,2474.560059,2192240000
s&p,6/9/2008,"1,360.83","1,370.63","1,350.62","1,361.76","1,361.76","4,40,45,70,000"
nasdaq,6/9/2008,2483.219971,2485,2429.300049,2459.459961,2459.459961,2084630000
s&p,6/10/2008,"1,358.98","1,366.84","1,351.56","1,358.44","1,358.44","4,63,50,70,000"
nasdaq,6/10/2008,2436.75,2466.280029,2432.469971,2448.939941,2448.939941,2081430000
s&p,6/11/2008,"1,357.09","1,357.09","1,335.47","1,335.49","1,335.49","4,77,99,80,000"
nasdaq,6/11/2008,2444.939941,2446.280029,2394.01001,2394.01001,2394.01001,2065810000
s&p,6/12/2008,"1,335.78","1,353.03","1,331.29","1,339.87","1,339.87","4,73,42,40,000"
nasdaq,6/12/2008,2414.459961,2432.879883,2388.48999,2404.350098,2404.350098,2276640000
s&p,6/13/2008,"1,341.81","1,360.03","1,341.71","1,360.03","1,360.03","4,08,04,20,000"
nasdaq,6/13/2008,2423.050049,2454.5,2417.01001,2454.5,2454.5,2106050000
s&p,6/16/2008,"1,358.85","1,364.70","1,352.07","1,360.14","1,360.14","3,70,69,40,000"
nasdaq,6/16/2008,2443.129883,2479.949951,2441.23999,2474.780029,2474.780029,1871720000
s&p,6/17/2008,"1,360.71","1,366.59","1,350.54","1,350.93","1,350.93","3,80,19,60,000"
nasdaq,6/17/2008,2481.199951,2483.189941,2456.780029,2457.72998,2457.72998,1798050000
s&p,6/18/2008,"1,349.59","1,349.59","1,333.40","1,337.81","1,337.81","4,57,35,70,000"
nasdaq,6/18/2008,2444.959961,2449.179932,2422.959961,2429.709961,2429.709961,2030700000
s&p,6/19/2008,"1,336.89","1,347.66","1,330.50","1,342.83","1,342.83","4,81,16,70,000"
nasdaq,6/19/2008,2427.169922,2469.149902,2412.370117,2462.060059,2462.060059,2294540000
s&p,6/20/2008,"1,341.02","1,341.02","1,314.46","1,317.93","1,317.93","5,32,49,00,000"
nasdaq,6/20/2008,2441.959961,2441.959961,2394.26001,2406.090088,2406.090088,2570320000
s&p,6/23/2008,"1,319.77","1,323.78","1,315.31","1,318.00","1,318.00","4,18,63,70,000"
nasdaq,6/23/2008,2416.550049,2419.689941,2384.560059,2385.73999,2385.73999,1916230000
s&p,6/24/2008,"1,317.23","1,326.02","1,304.42","1,314.29","1,314.29","4,70,50,50,000"
nasdaq,6/24/2008,2375.800049,2394.860107,2352.100098,2368.280029,2368.280029,2195920000
s&p,6/25/2008,"1,314.54","1,335.63","1,314.54","1,321.97","1,321.97","4,82,56,40,000"
nasdaq,6/25/2008,2376.820068,2421.25,2376.290039,2401.26001,2401.26001,2153970000
s&p,6/26/2008,"1,316.29","1,316.29","1,283.15","1,283.15","1,283.15","5,23,12,80,000"
nasdaq,6/26/2008,2365.860107,2366.159912,2321.370117,2321.370117,2321.370117,2300840000
s&p,6/27/2008,"1,283.60","1,289.45","1,272.00","1,278.38","1,278.38","6,20,82,60,000"
nasdaq,6/27/2008,2319.620117,2329.939941,2290.590088,2315.629883,2315.629883,3403540000
s&p,6/30/2008,"1,278.06","1,290.31","1,274.86","1,280.00","1,280.00","5,03,23,30,000"
nasdaq,6/30/2008,2312.419922,2325.48999,2292.97998,2292.97998,2292.97998,2096400000
s&p,7/1/2008,"1,276.69","1,285.31","1,260.68","1,284.91","1,284.91","5,84,62,90,000"
nasdaq,7/1/2008,2274.23999,2306.909912,2255.790039,2304.969971,2304.969971,2653890000
s&p,7/2/2008,"1,285.82","1,292.17","1,261.51","1,261.52","1,261.52","5,27,60,90,000"
nasdaq,7/2/2008,2311.570068,2317.199951,2251.300049,2251.459961,2251.459961,2376300000
s&p,7/3/2008,"1,262.96","1,271.48","1,252.01","1,262.90","1,262.90","3,24,75,90,000"
nasdaq,7/3/2008,2261.73999,2262.959961,2227.800049,2245.379883,2245.379883,1423670000
s&p,7/7/2008,"1,262.90","1,273.95","1,240.68","1,252.31","1,252.31","5,26,54,20,000"
nasdaq,7/7/2008,2263.689941,2276.540039,2214.159912,2243.320068,2243.320068,2363990000
s&p,7/8/2008,"1,251.84","1,274.17","1,242.84","1,273.70","1,273.70","6,03,41,10,000"
nasdaq,7/8/2008,2244.899902,2294.439941,2233.98999,2294.439941,2294.439941,2462380000
s&p,7/9/2008,"1,273.38","1,277.36","1,244.57","1,244.69","1,244.69","5,18,10,00,000"
nasdaq,7/9/2008,2290.629883,2296.030029,2234.590088,2234.889893,2234.889893,2285560000
s&p,7/10/2008,"1,245.25","1,257.65","1,236.76","1,253.39","1,253.39","5,84,04,30,000"
nasdaq,7/10/2008,2239.949951,2267.669922,2223.040039,2257.850098,2257.850098,2300880000
s&p,7/11/2008,"1,248.66","1,257.27","1,225.35","1,239.49","1,239.49","6,74,22,00,000"
nasdaq,7/11/2008,2233.379883,2265.860107,2203.25,2239.080078,2239.080078,2340180000
s&p,7/14/2008,"1,241.61","1,253.50","1,225.01","1,228.30","1,228.30","5,43,48,60,000"
nasdaq,7/14/2008,2262.860107,2266.439941,2207,2212.870117,2212.870117,1997990000
s&p,7/15/2008,"1,226.83","1,234.35","1,200.44","1,214.91","1,214.91","7,36,36,40,000"
nasdaq,7/15/2008,2197.179932,2249.120117,2167.290039,2215.709961,2215.709961,2798410000
s&p,7/16/2008,"1,214.65","1,245.52","1,211.39","1,245.36","1,245.36","6,73,86,30,000"
nasdaq,7/16/2008,2219.27002,2284.850098,2205.709961,2284.850098,2284.850098,2425020000
s&p,7/17/2008,"1,246.31","1,262.31","1,241.49","1,260.32","1,260.32","7,36,52,10,000"
nasdaq,7/17/2008,2296.570068,2320.77002,2274.27002,2312.300049,2312.300049,2570670000
s&p,7/18/2008,"1,258.22","1,262.23","1,251.81","1,260.68","1,260.68","5,65,32,80,000"
nasdaq,7/18/2008,2286.919922,2293.179932,2269.550049,2282.780029,2282.780029,2225800000
s&p,7/21/2008,"1,261.82","1,267.74","1,255.70","1,260.00","1,260.00","4,63,06,40,000"
nasdaq,7/21/2008,2290.75,2300.320068,2270.280029,2279.530029,2279.530029,1859410000
s&p,7/22/2008,"1,257.08","1,277.42","1,248.83","1,277.00","1,277.00","6,18,02,30,000"
nasdaq,7/22/2008,2256.320068,2303.959961,2252.840088,2303.959961,2303.959961,2510310000
s&p,7/23/2008,"1,278.87","1,291.17","1,276.06","1,282.19","1,282.19","6,70,58,30,000"
nasdaq,7/23/2008,2305.110107,2350.090088,2300.199951,2325.879883,2325.879883,2730180000
s&p,7/24/2008,"1,283.22","1,283.22","1,251.48","1,252.54","1,252.54","6,12,79,80,000"
nasdaq,7/24/2008,2329.209961,2329.209961,2278.909912,2280.110107,2280.110107,2499920000
s&p,7/25/2008,"1,253.51","1,263.23","1,251.75","1,257.76","1,257.76","4,67,25,60,000"
nasdaq,7/25/2008,2294.689941,2312.600098,2282.629883,2310.530029,2310.530029,2045130000
s&p,7/28/2008,"1,257.76","1,260.09","1,234.37","1,234.37","1,234.37","4,28,29,60,000"
nasdaq,7/28/2008,2307.189941,2317.75,2258.620117,2264.219971,2264.219971,1931230000
s&p,7/29/2008,"1,236.38","1,263.20","1,236.38","1,263.20","1,263.20","5,41,42,40,000"
nasdaq,7/29/2008,2274.610107,2320.179932,2274.370117,2319.620117,2319.620117,2274090000
s&p,7/30/2008,"1,264.52","1,284.33","1,264.52","1,284.26","1,284.26","5,63,13,30,000"
nasdaq,7/30/2008,2329.01001,2342.879883,2299.97998,2329.719971,2329.719971,2280940000
s&p,7/31/2008,"1,281.37","1,284.93","1,265.97","1,267.38","1,267.38","5,34,60,50,000"
nasdaq,7/31/2008,2311.330078,2353.389893,2309.639893,2325.550049,2325.550049,2316510000
s&p,8/1/2008,"1,269.42","1,270.52","1,254.54","1,260.31","1,260.31","4,68,48,70,000"
nasdaq,8/1/2008,2326.830078,2328.949951,2286.409912,2310.959961,2310.959961,2312140000
s&p,8/4/2008,"1,253.27","1,260.49","1,247.45","1,249.01","1,249.01","4,56,22,80,000"
nasdaq,8/4/2008,2309.75,2309.75,2280.929932,2285.560059,2285.560059,2010200000
s&p,8/5/2008,"1,254.87","1,284.88","1,254.67","1,284.88","1,284.88","1,21,93,10,000"
nasdaq,8/5/2008,2308.139893,2349.830078,2303.629883,2349.830078,2349.830078,2324730000
s&p,8/6/2008,"1,283.99","1,291.67","1,276.00","1,289.19","1,289.19","4,87,34,20,000"
nasdaq,8/6/2008,2349.169922,2385.77002,2333.530029,2378.370117,2378.370117,2228710000
s&p,8/7/2008,"1,286.51","1,286.51","1,264.29","1,266.07","1,266.07","5,31,93,80,000"
nasdaq,8/7/2008,2362.790039,2386.439941,2351.320068,2355.72998,2355.72998,2189120000
s&p,8/8/2008,"1,266.29","1,297.85","1,262.11","1,296.32","1,296.32","4,96,68,10,000"
nasdaq,8/8/2008,2356.840088,2416.399902,2352.040039,2414.100098,2414.100098,2189630000
s&p,8/11/2008,"1,294.42","1,313.15","1,291.41","1,305.32","1,305.32","5,06,73,10,000"
nasdaq,8/11/2008,2407.550049,2461.649902,2402.530029,2439.949951,2439.949951,2272240000
s&p,8/12/2008,"1,304.79","1,304.79","1,285.64","1,289.59","1,289.59","4,71,12,90,000"
nasdaq,8/12/2008,2434.26001,2447.159912,2421.090088,2430.610107,2430.610107,2052610000
s&p,8/13/2008,"1,288.64","1,294.03","1,274.86","1,285.83","1,285.83","4,78,76,00,000"
nasdaq,8/13/2008,2424.320068,2443.439941,2404.030029,2428.620117,2428.620117,1995490000
s&p,8/14/2008,"1,282.11","1,300.11","1,276.84","1,292.93","1,292.93","4,06,40,00,000"
nasdaq,8/14/2008,2414.409912,2461.149902,2414.409912,2453.669922,2453.669922,1835830000
s&p,8/15/2008,"1,293.85","1,302.05","1,290.74","1,298.20","1,298.20","4,04,18,20,000"
nasdaq,8/15/2008,2463.100098,2473.199951,2441.050049,2452.52002,2452.52002,1742180000
s&p,8/18/2008,"1,298.14","1,300.22","1,274.51","1,278.60","1,278.60","3,82,92,90,000"
nasdaq,8/18/2008,2456.959961,2456.959961,2404.409912,2416.97998,2416.97998,1632610000
s&p,8/19/2008,"1,276.65","1,276.65","1,263.11","1,266.69","1,266.69","4,15,97,60,000"
nasdaq,8/19/2008,2404.949951,2410.959961,2376.669922,2384.360107,2384.360107,1716280000
s&p,8/20/2008,"1,267.34","1,276.01","1,261.16","1,274.54","1,274.54","4,55,50,30,000"
nasdaq,8/20/2008,2396.580078,2408.679932,2372.340088,2389.080078,2389.080078,1746470000
s&p,8/21/2008,"1,271.07","1,281.40","1,265.22","1,277.72","1,277.72","4,03,25,90,000"
nasdaq,8/21/2008,2371.540039,2387.719971,2360.389893,2380.379883,2380.379883,1562430000
s&p,8/22/2008,"1,277.59","1,293.09","1,277.59","1,292.20","1,292.20","3,74,10,70,000"
nasdaq,8/22/2008,2390.340088,2417.629883,2390.340088,2414.709961,2414.709961,1365910000
s&p,8/25/2008,"1,290.47","1,290.47","1,264.87","1,266.84","1,266.84","3,42,06,00,000"
nasdaq,8/25/2008,2399.72998,2399.72998,2362.199951,2365.590088,2365.590088,2366920000
s&p,8/26/2008,"1,267.03","1,275.65","1,263.21","1,271.51","1,271.51","3,58,75,70,000"
nasdaq,8/26/2008,2364.310059,2377.040039,2345.790039,2361.969971,2361.969971,1256980000
s&p,8/27/2008,"1,271.29","1,285.05","1,270.03","1,281.66","1,281.66","3,49,96,10,000"
nasdaq,8/27/2008,2362.860107,2395.02002,2358.929932,2382.459961,2382.459961,1540700000
s&p,8/28/2008,"1,283.79","1,300.68","1,283.79","1,300.68","1,300.68","3,85,42,80,000"
nasdaq,8/28/2008,2390.110107,2412.840088,2388.550049,2411.639893,2411.639893,1582680000
s&p,8/29/2008,"1,296.49","1,297.59","1,282.74","1,282.83","1,282.83","3,28,81,20,000"
nasdaq,8/29/2008,2388.669922,2393.48999,2360.909912,2367.52002,2367.52002,1559030000
s&p,9/2/2008,"1,287.83","1,303.04","1,272.20","1,277.58","1,277.58","4,78,35,60,000"
nasdaq,9/2/2008,2402.110107,2413.110107,2338.370117,2349.23999,2349.23999,2010580000
s&p,9/3/2008,"1,276.61","1,280.60","1,265.59","1,274.98","1,274.98","5,05,69,80,000"
nasdaq,9/3/2008,2346.810059,2357.429932,2320.909912,2333.72998,2333.72998,2062140000
s&p,9/4/2008,"1,271.80","1,271.80","1,232.83","1,236.83","1,236.83","5,21,25,00,000"
nasdaq,9/4/2008,2315.179932,2317.320068,2259.040039,2259.040039,2259.040039,2332320000
s&p,9/5/2008,"1,233.21","1,244.94","1,217.23","1,242.31","1,242.31","5,01,70,80,000"
nasdaq,9/5/2008,2241.620117,2264.350098,2216.98999,2255.879883,2255.879883,2261030000
s&p,9/8/2008,"1,249.50","1,274.42","1,247.12","1,267.79","1,267.79","7,35,13,40,000"
nasdaq,9/8/2008,2296.179932,2303.889893,2236.969971,2269.76001,2269.76001,2566300000
s&p,9/9/2008,"1,267.98","1,268.66","1,224.51","1,224.51","1,224.51","7,38,06,30,000"
nasdaq,9/9/2008,2269.929932,2285.540039,2209.810059,2209.810059,2209.810059,2590590000
s&p,9/10/2008,"1,227.50","1,243.90","1,221.60","1,232.04","1,232.04","6,54,34,40,000"
nasdaq,9/10/2008,2232.209961,2247.629883,2209.590088,2228.699951,2228.699951,2250360000
s&p,9/11/2008,"1,229.04","1,249.98","1,211.54","1,249.05","1,249.05","6,86,92,50,000"
nasdaq,9/11/2008,2199.030029,2259.25,2191.530029,2258.219971,2258.219971,2269670000
s&p,9/12/2008,"1,245.88","1,255.09","1,233.81","1,251.70","1,251.70","6,27,32,60,000"
nasdaq,9/12/2008,2239.25,2268.830078,2228,2261.27002,2261.27002,1973590000
s&p,9/15/2008,"1,250.92","1,250.92","1,192.70","1,192.70","1,192.70","8,27,95,10,000"
nasdaq,9/15/2008,2202.280029,2244.879883,2179.909912,2179.909912,2179.909912,2697820000
s&p,9/16/2008,"1,188.31","1,214.84","1,169.28","1,213.60","1,213.60","9,45,98,30,000"
nasdaq,9/16/2008,2149.649902,2214.290039,2145.169922,2207.899902,2207.899902,3187630000
s&p,9/17/2008,"1,210.34","1,210.34","1,155.88","1,156.39","1,156.39","9,43,18,70,000"
nasdaq,9/17/2008,2177.580078,2183.25,2098.850098,2098.850098,2098.850098,3102010000
s&p,9/18/2008,"1,157.08","1,211.14","1,133.50","1,206.51","1,206.51","10,08,26,90,000"
nasdaq,9/18/2008,2137.419922,2201.709961,2070.219971,2199.100098,2199.100098,3867290000
s&p,9/19/2008,"1,213.11","1,265.12","1,213.11","1,255.08","1,255.08","9,38,71,70,000"
nasdaq,9/19/2008,2303.899902,2318.429932,2239.72998,2273.899902,2273.899902,3898230000
s&p,9/22/2008,"1,255.37","1,255.37","1,205.61","1,207.09","1,207.09","5,36,81,30,000"
nasdaq,9/22/2008,2265.77002,2266.449951,2178.97998,2178.97998,2178.97998,1881160000
s&p,9/23/2008,"1,207.61","1,221.15","1,187.06","1,188.22","1,188.22","5,18,57,30,000"
nasdaq,9/23/2008,2190.709961,2209.620117,2151.77002,2153.330078,2153.330078,1974180000
s&p,9/24/2008,"1,188.79","1,197.41","1,179.79","1,185.87","1,185.87","4,82,03,60,000"
nasdaq,9/24/2008,2167.550049,2179.929932,2147.360107,2155.679932,2155.679932,1818170000
s&p,9/25/2008,"1,187.87","1,220.03","1,187.87","1,209.18","1,209.18","5,87,76,40,000"
nasdaq,9/25/2008,2172.26001,2210.73999,2167.060059,2186.570068,2186.570068,1846330000
s&p,9/26/2008,"1,204.47","1,215.77","1,187.54","1,213.27","1,213.27","5,38,36,10,000"
nasdaq,9/26/2008,2144.060059,2187.530029,2136.850098,2183.340088,2183.340088,1949200000
s&p,9/29/2008,"1,209.07","1,209.07","1,106.42","1,106.42","1,106.42","7,30,50,60,000"
nasdaq,9/29/2008,2147.159912,2152.689941,1983.72998,1983.72998,1983.72998,2808100000
s&p,9/30/2008,"1,113.78","1,168.03","1,113.78","1,166.36","1,166.36","4,93,76,80,000"
nasdaq,9/30/2008,2033.689941,2094.310059,2015.930054,2091.879883,2091.879883,2376240000
s&p,10/1/2008,"1,164.17","1,167.03","1,140.77","1,161.06","1,161.06","5,78,21,30,000"
nasdaq,10/1/2008,2075.100098,2083.199951,2046.060059,2069.399902,2069.399902,1899330000
s&p,10/2/2008,"1,160.64","1,160.64","1,111.43","1,114.28","1,114.28","6,28,56,40,000"
nasdaq,10/2/2008,2052.51001,2056.429932,1975,1976.719971,1976.719971,2173750000
s&p,10/3/2008,"1,115.16","1,153.82","1,098.14","1,099.23","1,099.23","6,71,61,20,000"
nasdaq,10/3/2008,2005.920044,2046.810059,1947.189941,1947.390015,1947.390015,2501480000
s&p,10/6/2008,"1,097.56","1,097.56","1,007.97","1,056.89","1,056.89","7,95,60,20,000"
nasdaq,10/6/2008,1898.630005,1905.01001,1777.02002,1862.959961,1862.959961,3502250000
s&p,10/7/2008,"1,057.60","1,072.91",996.23,996.23,996.23,"7,06,92,10,000"
nasdaq,10/7/2008,1867.969971,1886.349976,1754.880005,1754.880005,1754.880005,2825810000
s&p,10/8/2008,988.91,"1,021.06",970.97,984.94,984.94,"8,71,63,30,000"
nasdaq,10/8/2008,1710.959961,1806.890015,1706.859985,1740.329956,1740.329956,3516070000
s&p,10/9/2008,988.42,"1,005.25",909.19,909.92,909.92,"6,81,90,00,000"
nasdaq,10/9/2008,1766.25,1787.410034,1634.880005,1645.119995,1645.119995,2622310000
s&p,10/10/2008,902.31,936.36,839.8,899.22,899.22,"11,45,62,30,000"
nasdaq,10/10/2008,1590.77002,1690.77002,1542.449951,1649.51001,1649.51001,4164090000
s&p,10/13/2008,912.75,"1,006.93",912.75,"1,003.35","1,003.35","7,26,33,70,000"
nasdaq,10/13/2008,1734.599976,1844.25,1715.73999,1844.25,1844.25,2665690000
s&p,10/14/2008,"1,009.97","1,044.31",972.07,998.01,998.01,"8,16,19,90,000"
nasdaq,10/14/2008,1894.869995,1896.949951,1752.890015,1779.01001,1779.01001,2912850000
s&p,10/15/2008,994.6,994.6,903.99,907.84,907.84,"6,54,23,30,000"
nasdaq,10/15/2008,1754.619995,1761.22998,1628.329956,1628.329956,1628.329956,2540180000
s&p,10/16/2008,909.53,947.71,865.83,946.43,946.43,"7,98,45,00,000"
nasdaq,10/16/2008,1644.550049,1717.719971,1565.719971,1717.709961,1717.709961,3331040000
s&p,10/17/2008,942.29,984.64,918.74,940.55,940.55,"6,58,17,80,000"
nasdaq,10/17/2008,1678.780029,1782.579956,1670.280029,1711.290039,1711.290039,2711030000
s&p,10/20/2008,943.51,985.4,943.51,985.4,985.4,"5,17,56,40,000"
nasdaq,10/20/2008,1735.130005,1770.050049,1698.01001,1770.030029,1770.030029,2021750000
s&p,10/21/2008,980.4,985.44,952.47,955.05,955.05,"5,12,18,30,000"
nasdaq,10/21/2008,1741.839966,1768.540039,1695.119995,1696.680054,1696.680054,2099810000
s&p,10/22/2008,951.67,951.67,875.81,896.78,896.78,"6,14,79,80,000"
nasdaq,10/22/2008,1671.22998,1678.709961,1587.219971,1615.75,1615.75,2560810000
s&p,10/23/2008,899.08,922.83,858.44,908.11,908.11,"7,18,99,00,000"
nasdaq,10/23/2008,1621.109985,1645.5,1533.550049,1603.910034,1603.910034,3104700000
s&p,10/24/2008,895.22,896.3,852.85,876.77,876.77,"6,55,00,50,000"
nasdaq,10/24/2008,1493.790039,1584.27002,1493.790039,1552.030029,1552.030029,2691940000
s&p,10/27/2008,874.28,893.78,846.75,848.92,848.92,"5,55,80,50,000"
nasdaq,10/27/2008,1528.119995,1574.540039,1503.810059,1505.900024,1505.900024,2224430000
s&p,10/28/2008,848.92,940.51,845.27,940.51,940.51,"7,09,69,50,000"
nasdaq,10/28/2008,1552.23999,1649.469971,1504.130005,1649.469971,1649.469971,2777540000
s&p,10/29/2008,939.51,969.97,922.26,930.09,930.09,"7,07,78,00,000"
nasdaq,10/29/2008,1643.97998,1705.51001,1622.01001,1657.209961,1657.209961,2748720000
s&p,10/30/2008,939.38,963.23,928.5,954.09,954.09,"6,17,58,30,000"
nasdaq,10/30/2008,1698.430054,1712.560059,1658.449951,1698.52002,1698.52002,2504420000
s&p,10/31/2008,953.11,984.38,944.59,968.75,968.75,"6,39,43,50,000"
nasdaq,10/31/2008,1684.709961,1742.540039,1673.319946,1720.949951,1720.949951,2437120000
s&p,11/3/2008,968.67,975.57,958.82,966.3,966.3,"4,49,22,80,000"
nasdaq,11/3/2008,1718.890015,1738.530029,1713.390015,1726.329956,1726.329956,1770880000
s&p,11/4/2008,971.31,"1,007.51",971.31,"1,005.75","1,005.75","5,53,12,90,000"
nasdaq,11/4/2008,1761.089966,1785.839966,1739.810059,1780.119995,1780.119995,2306350000
s&p,11/5/2008,"1,001.84","1,001.84",949.86,952.77,952.77,"5,42,66,40,000"
nasdaq,11/5/2008,1757.01001,1764.430054,1679.189941,1681.640015,1681.640015,2092410000
s&p,11/6/2008,952.4,952.4,899.73,904.88,904.88,"6,10,22,30,000"
nasdaq,11/6/2008,1659.569946,1676.920044,1603.869995,1608.699951,1608.699951,2367880000
s&p,11/7/2008,907.44,931.46,906.9,930.99,930.99,"4,93,16,40,000"
nasdaq,11/7/2008,1629.689941,1654.25,1615.51001,1647.400024,1647.400024,1886230000
s&p,11/10/2008,936.75,951.95,907.47,919.21,919.21,"4,57,20,00,000"
nasdaq,11/10/2008,1680.670044,1680.670044,1603.329956,1616.73999,1616.73999,1674900000
s&p,11/11/2008,917.15,917.15,884.9,898.95,898.95,"4,99,83,40,000"
nasdaq,11/11/2008,1598.589966,1612.420044,1563.949951,1580.900024,1580.900024,1909080000
s&p,11/12/2008,893.39,893.39,850.48,852.3,852.3,"5,76,41,80,000"
nasdaq,11/12/2008,1555.170044,1562.780029,1499.209961,1499.209961,1499.209961,2120870000
s&p,11/13/2008,853.13,913.01,818.69,911.29,911.29,"7,84,91,20,000"
nasdaq,11/13/2008,1503.060059,1596.699951,1428.540039,1596.699951,1596.699951,3009550000
s&p,11/14/2008,904.36,916.88,869.88,873.29,873.29,"5,88,10,30,000"
nasdaq,11/14/2008,1560.589966,1587.76001,1513.089966,1516.849976,1516.849976,2243750000
s&p,11/17/2008,873.23,882.29,848.98,850.75,850.75,"4,92,74,90,000"
nasdaq,11/17/2008,1494.73999,1526.959961,1481.699951,1482.050049,1482.050049,1831540000
s&p,11/18/2008,852.34,865.9,826.84,859.12,859.12,"6,67,94,70,000"
nasdaq,11/18/2008,1488.930054,1498.420044,1429.920044,1483.27002,1483.27002,2349230000
s&p,11/19/2008,859.03,864.57,806.18,806.58,806.58,"6,54,86,00,000"
nasdaq,11/19/2008,1479.130005,1493.050049,1386.420044,1386.420044,1386.420044,2372880000
s&p,11/20/2008,805.87,820.52,747.78,752.44,752.44,"9,09,37,40,000"
nasdaq,11/20/2008,1373.77002,1414.430054,1314.900024,1316.119995,1316.119995,3147650000
s&p,11/21/2008,755.84,801.2,741.02,800.03,800.03,"9,49,59,00,000"
nasdaq,11/21/2008,1346.77002,1384.349976,1295.47998,1384.349976,1384.349976,3071280000
s&p,11/24/2008,801.2,865.6,801.2,851.81,851.81,"7,87,94,40,000"
nasdaq,11/24/2008,1409.719971,1480.410034,1397.189941,1472.02002,1472.02002,2553620000
s&p,11/25/2008,853.4,868.94,834.99,857.39,857.39,"6,95,27,00,000"
nasdaq,11/25/2008,1472.02002,1486.219971,1430.400024,1464.72998,1464.72998,2457510000
s&p,11/26/2008,852.9,887.68,841.37,887.68,887.68,"5,79,32,60,000"
nasdaq,11/26/2008,1441.209961,1532.099976,1441.209961,1532.099976,1532.099976,1980020000
s&p,11/28/2008,886.89,896.25,881.21,896.24,896.24,"2,74,08,60,000"
nasdaq,11/28/2008,1517.949951,1535.569946,1512.410034,1535.569946,1535.569946,787580000
s&p,12/1/2008,888.61,888.61,815.69,816.21,816.21,"6,05,20,10,000"
nasdaq,12/1/2008,1496.089966,1496.23999,1398.069946,1398.069946,1398.069946,1904470000
s&p,12/2/2008,817.94,850.54,817.94,848.81,848.81,"6,17,01,00,000"
nasdaq,12/2/2008,1423.849976,1450.829956,1399.880005,1449.800049,1449.800049,2056730000
s&p,12/3/2008,843.6,873.12,827.6,870.74,870.74,"6,22,18,80,000"
nasdaq,12/3/2008,1416.030029,1493.060059,1414.040039,1492.380005,1492.380005,2240150000
s&p,12/4/2008,869.75,875.6,833.6,845.22,845.22,"5,86,03,90,000"
nasdaq,12/4/2008,1465.77002,1500.949951,1426.410034,1445.560059,1445.560059,2020110000
s&p,12/5/2008,844.43,879.42,818.41,876.07,876.07,"6,16,53,70,000"
nasdaq,12/5/2008,1426.930054,1510.390015,1404.800049,1509.310059,1509.310059,2177720000
s&p,12/8/2008,882.71,918.57,882.71,909.7,909.7,"6,55,36,00,000"
nasdaq,12/8/2008,1541.439941,1583.810059,1536.709961,1571.73999,1571.73999,2290810000
s&p,12/9/2008,906.48,916.26,885.38,888.67,888.67,"5,69,31,10,000"
nasdaq,12/9/2008,1546.540039,1602.920044,1538.25,1547.339966,1547.339966,2246470000
s&p,12/10/2008,892.17,908.27,885.45,899.24,899.24,"5,94,21,30,000"
nasdaq,12/10/2008,1563.660034,1584.160034,1542.079956,1565.47998,1565.47998,1955600000
s&p,12/11/2008,898.35,904.63,868.73,873.59,873.59,"5,51,38,40,000"
nasdaq,12/11/2008,1548.469971,1568.609985,1501.699951,1507.880005,1507.880005,2018190000
s&p,12/12/2008,871.79,883.24,851.35,879.73,879.73,"5,95,95,90,000"
nasdaq,12/12/2008,1482.550049,1543.040039,1478.030029,1540.719971,1540.719971,1869900000
s&p,12/15/2008,881.07,884.63,857.72,868.57,868.57,"4,98,23,90,000"
nasdaq,12/15/2008,1544.160034,1544.160034,1491.359985,1508.339966,1508.339966,1677890000
s&p,12/16/2008,871.53,914.66,871.53,913.18,913.18,"6,00,97,80,000"
nasdaq,12/16/2008,1526.060059,1589.890015,1526,1589.890015,1589.890015,2180960000
s&p,12/17/2008,908.16,918.85,895.94,904.42,904.42,"5,90,73,80,000"
nasdaq,12/17/2008,1568.880005,1598.329956,1560.050049,1579.310059,1579.310059,2111370000
s&p,12/18/2008,905.98,911.02,877.44,885.28,885.28,"5,67,50,00,000"
nasdaq,12/18/2008,1583.170044,1591.699951,1535.380005,1552.369995,1552.369995,2092320000
s&p,12/19/2008,886.96,905.47,883.02,887.88,887.88,"6,70,53,10,000"
nasdaq,12/19/2008,1572.75,1593.349976,1557.050049,1564.319946,1564.319946,2651440000
s&p,12/22/2008,887.2,887.37,857.09,871.63,871.63,"4,86,98,50,000"
nasdaq,12/22/2008,1562.170044,1563.790039,1503.660034,1532.349976,1532.349976,1629320000
s&p,12/23/2008,874.31,880.44,860.1,863.16,863.16,"4,05,19,70,000"
nasdaq,12/23/2008,1539.369995,1548.439941,1512.540039,1521.540039,1521.540039,1331050000
s&p,12/24/2008,863.87,869.79,861.44,868.15,868.15,"1,54,65,50,000"
nasdaq,12/24/2008,1525.150024,1527.22998,1516.150024,1524.900024,1524.900024,490990000
s&p,12/26/2008,869.51,873.74,866.52,872.8,872.8,"1,88,00,50,000"
nasdaq,12/26/2008,1531.199951,1532.130005,1518.969971,1530.23999,1530.23999,592760000
s&p,12/29/2008,872.37,873.7,857.07,869.42,869.42,"3,32,34,30,000"
nasdaq,12/29/2008,1529.540039,1530.920044,1493.449951,1510.319946,1510.319946,1186240000
s&p,12/30/2008,870.58,891.12,870.58,890.64,890.64,"3,62,78,00,000"
nasdaq,12/30/2008,1521.180054,1550.699951,1517.26001,1550.699951,1550.699951,1374180000
s&p,12/31/2008,890.59,910.32,889.67,903.25,903.25,"4,17,29,40,000"
nasdaq,12/31/2008,1550.869995,1586.810059,1548.880005,1577.030029,1577.030029,1521220000
s&p,1/2/2009,902.99,934.73,899.35,931.8,931.8,"4,04,82,70,000"
nasdaq,1/2/2009,1578.869995,1636.030029,1571.97998,1632.209961,1632.209961,1438410000
s&p,1/5/2009,929.17,936.63,919.53,927.45,927.45,"5,41,39,10,000"
nasdaq,1/5/2009,1621.47998,1640.459961,1604.630005,1628.030029,1628.030029,1816580000
s&p,1/6/2009,931.17,943.85,927.28,934.7,934.7,"5,39,26,20,000"
nasdaq,1/6/2009,1642.369995,1665.630005,1636.25,1652.380005,1652.380005,2137640000
s&p,1/7/2009,927.45,927.45,902.37,906.65,906.65,"4,70,49,40,000"
nasdaq,1/7/2009,1621.630005,1625.369995,1588.199951,1599.060059,1599.060059,2020170000
s&p,1/8/2009,905.73,910,896.81,909.73,909.73,"4,99,15,50,000"
nasdaq,1/8/2009,1590.25,1617.01001,1584.280029,1617.01001,1617.01001,1968160000
s&p,1/9/2009,909.91,911.93,888.31,890.35,890.35,"4,71,65,00,000"
nasdaq,1/9/2009,1617.050049,1617.26001,1569.869995,1571.589966,1571.589966,1907390000
s&p,1/12/2009,890.4,890.4,864.32,870.26,870.26,"4,72,50,50,000"
nasdaq,1/12/2009,1573.449951,1573.459961,1528,1538.790039,1538.790039,1763590000
s&p,1/13/2009,869.79,877.02,862.02,871.79,871.79,"5,56,74,60,000"
nasdaq,1/13/2009,1537.420044,1557.949951,1527.469971,1546.459961,1546.459961,1965570000
s&p,1/14/2009,867.28,867.28,836.93,842.62,842.62,"5,40,78,80,000"
nasdaq,1/14/2009,1521.709961,1528.650024,1485.26001,1489.640015,1489.640015,1919980000
s&p,1/15/2009,841.99,851.59,817.04,843.74,843.74,"7,80,73,50,000"
nasdaq,1/15/2009,1489.459961,1521.579956,1456.719971,1511.839966,1511.839966,2507870000
s&p,1/16/2009,844.45,858.13,830.66,850.12,850.12,"6,78,60,40,000"
nasdaq,1/16/2009,1532.469971,1538.819946,1490.349976,1529.329956,1529.329956,2235070000
s&p,1/20/2009,849.64,849.64,804.47,805.22,805.22,"6,37,52,30,000"
nasdaq,1/20/2009,1520.76001,1521.849976,1440.859985,1440.859985,1440.859985,1989610000
s&p,1/21/2009,806.77,841.72,804.3,840.24,840.24,"6,46,78,30,000"
nasdaq,1/21/2009,1466.400024,1507.52002,1444.900024,1507.069946,1507.069946,2120080000
s&p,1/22/2009,839.74,839.74,811.29,827.5,827.5,"5,84,38,30,000"
nasdaq,1/22/2009,1470.849976,1492.469971,1444.079956,1465.48999,1465.48999,2286190000
s&p,1/23/2009,822.16,838.61,806.07,831.95,831.95,"5,83,21,60,000"
nasdaq,1/23/2009,1440.780029,1495.27002,1434.079956,1477.290039,1477.290039,2210840000
s&p,1/26/2009,832.5,852.53,827.69,836.57,836.57,"6,03,99,40,000"
nasdaq,1/26/2009,1479.97998,1514.380005,1470.810059,1489.459961,1489.459961,1815400000
s&p,1/27/2009,837.3,850.45,835.4,845.71,845.71,"5,35,32,60,000"
nasdaq,1/27/2009,1494.119995,1513.209961,1488.810059,1504.900024,1504.900024,1784110000
s&p,1/28/2009,845.73,877.86,845.73,874.09,874.09,"6,19,91,80,000"
nasdaq,1/28/2009,1530.47998,1568.329956,1530.030029,1558.339966,1558.339966,2122250000
s&p,1/29/2009,868.89,868.89,844.15,845.14,845.14,"5,06,70,60,000"
nasdaq,1/29/2009,1537.469971,1537.839966,1505.699951,1507.839966,1507.839966,1932100000
s&p,1/30/2009,845.69,851.66,821.67,825.88,825.88,"5,35,05,80,000"
nasdaq,1/30/2009,1519.459961,1523.449951,1472.51001,1476.420044,1476.420044,2054590000
s&p,2/2/2009,823.09,830.78,812.87,825.44,825.44,"5,67,32,70,000"
nasdaq,2/2/2009,1460.849976,1502.719971,1460.51001,1494.430054,1494.430054,1987080000
s&p,2/3/2009,825.69,842.6,821.98,838.51,838.51,"5,88,63,10,000"
nasdaq,2/3/2009,1499.589966,1521.209961,1479.420044,1516.300049,1516.300049,2049840000
s&p,2/4/2009,837.77,851.85,829.18,832.23,832.23,"6,42,04,50,000"
nasdaq,2/4/2009,1517.189941,1549.640015,1508.869995,1515.050049,1515.050049,2197050000
s&p,2/5/2009,831.75,850.55,819.91,845.85,845.85,"6,62,40,30,000"
nasdaq,2/5/2009,1498.589966,1554.369995,1495.52002,1546.23999,1546.23999,2511750000
s&p,2/6/2009,846.09,870.75,845.42,868.6,868.6,"6,48,41,00,000"
nasdaq,2/6/2009,1547,1594.26001,1545.849976,1591.709961,1591.709961,2389530000
s&p,2/9/2009,868.24,875.01,861.65,869.89,869.89,"5,57,43,70,000"
nasdaq,2/9/2009,1590.73999,1598.22998,1576.099976,1591.560059,1591.560059,1906940000
s&p,2/10/2009,866.87,868.05,822.99,827.16,827.16,"6,77,01,70,000"
nasdaq,2/10/2009,1578.02002,1598.5,1520.560059,1524.72998,1524.72998,2443370000
s&p,2/11/2009,827.41,838.22,822.3,833.74,833.74,"5,92,64,60,000"
nasdaq,2/11/2009,1531.579956,1542.839966,1509.349976,1530.5,1530.5,2236450000
s&p,2/12/2009,829.91,835.48,808.06,835.19,835.19,"6,47,64,60,000"
nasdaq,2/12/2009,1510.170044,1542.51001,1495.339966,1541.709961,1541.709961,2428250000
s&p,2/13/2009,833.95,839.43,825.21,826.84,826.84,"5,29,66,50,000"
nasdaq,2/13/2009,1539.719971,1552.569946,1530.050049,1534.359985,1534.359985,1990190000
s&p,2/17/2009,818.61,818.61,789.17,789.17,789.17,"5,90,78,20,000"
nasdaq,2/17/2009,1489.119995,1492.819946,1467.790039,1470.660034,1470.660034,2335370000
s&p,2/18/2009,791.06,796.17,780.43,788.42,788.42,"5,74,07,10,000"
nasdaq,2/18/2009,1480.650024,1487.920044,1454.459961,1467.969971,1467.969971,2029710000
s&p,2/19/2009,787.91,797.58,777.03,778.94,778.94,"5,74,69,40,000"
nasdaq,2/19/2009,1478.550049,1485.140015,1442.530029,1442.819946,1442.819946,1991000000
s&p,2/20/2009,775.87,778.69,754.25,770.05,770.05,"8,21,05,90,000"
nasdaq,2/20/2009,1427.030029,1454.390015,1416.959961,1441.22998,1441.22998,2526040000
s&p,2/23/2009,773.25,777.85,742.37,743.33,743.33,"6,50,93,00,000"
nasdaq,2/23/2009,1452.579956,1452.579956,1386.680054,1387.719971,1387.719971,1977740000
s&p,2/24/2009,744.69,775.49,744.69,773.14,773.14,"7,23,44,90,000"
nasdaq,2/24/2009,1399.369995,1445.069946,1395.109985,1441.829956,1441.829956,2339660000
s&p,2/25/2009,770.64,780.12,752.89,764.9,764.9,"7,48,36,40,000"
nasdaq,2/25/2009,1428.76001,1453.660034,1404.540039,1425.430054,1425.430054,2345380000
s&p,2/26/2009,765.76,779.42,751.75,752.83,752.83,"7,59,99,70,000"
nasdaq,2/26/2009,1436.849976,1444.829956,1391.469971,1391.469971,1391.469971,2301990000
s&p,2/27/2009,749.93,751.27,734.52,735.09,735.09,"8,92,64,80,000"
nasdaq,2/27/2009,1376.560059,1401.969971,1372.420044,1377.839966,1377.839966,2393280000
s&p,3/2/2009,729.57,729.57,699.7,700.82,700.82,"7,86,82,90,000"
nasdaq,3/2/2009,1356.130005,1372,1322.130005,1322.849976,1322.849976,2033110000
s&p,3/3/2009,704.44,711.67,692.3,696.33,696.33,"7,58,32,30,000"
nasdaq,3/3/2009,1341.420044,1346.880005,1312.97998,1321.01001,1321.01001,2338880000
s&p,3/4/2009,698.6,724.12,698.6,712.87,712.87,"7,67,36,20,000"
nasdaq,3/4/2009,1340.380005,1370.290039,1333.880005,1353.73999,1353.73999,2305180000
s&p,3/5/2009,708.27,708.27,677.93,682.55,682.55,"7,50,72,50,000"
nasdaq,3/5/2009,1332.380005,1342.859985,1298.329956,1299.589966,1299.589966,2325840000
s&p,3/6/2009,684.04,699.09,666.79,683.38,683.38,"7,33,18,30,000"
nasdaq,3/6/2009,1310.589966,1320.51001,1268.540039,1293.849976,1293.849976,2443820000
s&p,3/9/2009,680.76,695.27,672.88,676.53,676.53,"7,27,73,20,000"
nasdaq,3/9/2009,1284.839966,1316.150024,1265.52002,1268.640015,1268.640015,2037130000
s&p,3/10/2009,679.28,719.6,679.28,719.6,719.6,"8,61,83,30,000"
nasdaq,3/10/2009,1288.949951,1358.280029,1288.949951,1358.280029,1358.280029,2359730000
s&p,3/11/2009,719.59,731.92,713.85,721.36,721.36,"7,28,78,10,000"
nasdaq,3/11/2009,1364.800049,1385.290039,1352.599976,1371.640015,1371.640015,2169050000
s&p,3/12/2009,720.89,752.63,714.76,750.74,750.74,"7,32,66,30,000"
nasdaq,3/12/2009,1367.780029,1427.550049,1355.050049,1426.099976,1426.099976,2392770000
s&p,3/13/2009,751.97,758.29,742.46,756.55,756.55,"6,78,70,90,000"
nasdaq,3/13/2009,1427.030029,1433.97998,1408.26001,1431.5,1431.5,2022170000
s&p,3/16/2009,758.84,774.53,753.37,753.89,753.89,"7,88,35,40,000"
nasdaq,3/16/2009,1445.27002,1445.27002,1402.47998,1404.02002,1404.02002,2099460000
s&p,3/17/2009,753.88,778.12,749.93,778.12,778.12,"6,15,68,00,000"
nasdaq,3/17/2009,1409.670044,1462.109985,1405.319946,1462.109985,1462.109985,2073230000
s&p,3/18/2009,776.01,803.04,765.64,794.35,794.35,"9,09,84,50,000"
nasdaq,3/18/2009,1454.439941,1507.400024,1448.670044,1491.219971,1491.219971,2764950000
s&p,3/19/2009,797.92,803.24,781.82,784.04,784.04,"9,03,38,70,000"
nasdaq,3/19/2009,1509.060059,1509.060059,1475.48999,1483.47998,1483.47998,2323510000
s&p,3/20/2009,784.58,788.91,766.2,768.54,768.54,"7,64,37,20,000"
nasdaq,3/20/2009,1488.150024,1501.780029,1448.780029,1457.27002,1457.27002,2394470000
s&p,3/23/2009,772.31,823.37,772.31,822.92,822.92,"7,71,57,70,000"
nasdaq,3/23/2009,1491.26001,1555.77002,1482.150024,1555.77002,1555.77002,2172590000
s&p,3/24/2009,820.6,823.65,805.48,806.12,806.12,"6,76,79,80,000"
nasdaq,3/24/2009,1535.680054,1546.209961,1515.630005,1516.52002,1516.52002,2009530000
s&p,3/25/2009,806.81,826.78,791.37,813.88,813.88,"7,68,71,80,000"
nasdaq,3/25/2009,1527.589966,1554.25,1487.939941,1528.949951,1528.949951,2431180000
s&p,3/26/2009,814.06,832.98,814.06,832.86,832.86,"6,99,29,60,000"
nasdaq,3/26/2009,1549.400024,1587,1545.209961,1587,1587,2535050000
s&p,3/27/2009,828.68,828.68,813.43,815.94,815.94,"5,60,02,10,000"
nasdaq,3/27/2009,1564.119995,1569.209961,1543.430054,1545.199951,1545.199951,2071670000
s&p,3/30/2009,809.07,809.07,779.81,787.53,787.53,"5,91,26,60,000"
nasdaq,3/30/2009,1516.790039,1517.060059,1484.97998,1501.800049,1501.800049,2020200000
s&p,3/31/2009,790.88,810.48,790.88,797.87,797.87,"6,08,91,00,000"
nasdaq,3/31/2009,1518.699951,1554.469971,1518.01001,1528.589966,1528.589966,2157410000
s&p,4/1/2009,793.59,813.62,783.32,811.08,811.08,"6,03,41,40,000"
nasdaq,4/1/2009,1504.869995,1553.030029,1498.540039,1551.599976,1551.599976,2256580000
s&p,4/2/2009,814.53,845.61,814.53,834.38,834.38,"7,54,28,10,000"
nasdaq,4/2/2009,1579.969971,1623.339966,1576.819946,1602.630005,1602.630005,2833600000
s&p,4/3/2009,835.13,842.5,826.7,842.5,842.5,"5,85,56,40,000"
nasdaq,4/3/2009,1609.050049,1621.869995,1593.050049,1621.869995,1621.869995,2113380000
s&p,4/6/2009,839.75,839.75,822.79,835.48,835.48,"6,21,00,00,000"
nasdaq,4/6/2009,1602.23999,1607.599976,1580.650024,1606.709961,1606.709961,1998090000
s&p,4/7/2009,834.12,834.12,814.53,815.55,815.55,"5,15,55,80,000"
nasdaq,4/7/2009,1585.579956,1588,1559.459961,1561.609985,1561.609985,1854700000
s&p,4/8/2009,816.76,828.42,814.84,825.16,825.16,"5,93,84,60,000"
nasdaq,4/8/2009,1576.930054,1595.969971,1567.219971,1590.660034,1590.660034,1837900000
s&p,4/9/2009,829.29,856.91,829.29,856.56,856.56,"7,60,07,10,000"
nasdaq,4/9/2009,1618.829956,1652.540039,1616.25,1652.540039,1652.540039,2165450000
s&p,4/13/2009,855.33,864.31,845.35,858.73,858.73,"6,43,48,90,000"
nasdaq,4/13/2009,1641.609985,1660.829956,1630.540039,1653.310059,1653.310059,1824530000
s&p,4/14/2009,856.88,856.88,840.25,841.5,841.5,"7,56,98,40,000"
nasdaq,4/14/2009,1637.5,1651.280029,1618.040039,1625.719971,1625.719971,2253650000
s&p,4/15/2009,839.44,852.93,835.58,852.06,852.06,"6,24,11,00,000"
nasdaq,4/15/2009,1613.560059,1627.719971,1599.109985,1626.800049,1626.800049,2042600000
s&p,4/16/2009,854.54,870.35,847.04,865.3,865.3,"6,59,86,70,000"
nasdaq,4/16/2009,1645.52002,1676.170044,1628.079956,1670.439941,1670.439941,2390620000
s&p,4/17/2009,865.18,875.63,860.87,869.6,869.6,"7,35,20,10,000"
nasdaq,4/17/2009,1665.599976,1682.23999,1653.839966,1673.069946,1673.069946,2418440000
s&p,4/20/2009,868.27,868.27,832.39,832.39,832.39,"6,97,39,60,000"
nasdaq,4/20/2009,1641.349976,1643.319946,1606.859985,1608.209961,1608.209961,3061850000
s&p,4/21/2009,831.25,850.09,826.83,850.08,850.08,"7,43,64,90,000"
nasdaq,4/21/2009,1599.030029,1643.849976,1598.930054,1643.849976,1643.849976,2422990000
s&p,4/22/2009,847.26,861.78,840.57,843.55,843.55,"7,32,78,60,000"
nasdaq,4/22/2009,1630.140015,1679.819946,1624.72998,1646.119995,1646.119995,2657480000
s&p,4/23/2009,844.62,852.87,835.45,851.92,851.92,"6,56,31,00,000"
nasdaq,4/23/2009,1651.469971,1654.849976,1625.880005,1652.209961,1652.209961,2463500000
s&p,4/24/2009,853.91,871.8,853.91,866.23,866.23,"7,11,44,40,000"
nasdaq,4/24/2009,1666.430054,1702.869995,1657.48999,1694.290039,1694.290039,2547150000
s&p,4/27/2009,862.82,868.83,854.65,857.51,857.51,"5,61,34,60,000"
nasdaq,4/27/2009,1672.869995,1700.530029,1670.48999,1679.410034,1679.410034,2203700000
s&p,4/28/2009,854.48,864.48,847.12,855.16,855.16,"6,32,80,00,000"
nasdaq,4/28/2009,1668.26001,1690.060059,1661.400024,1673.810059,1673.810059,2080410000
s&p,4/29/2009,856.85,882.06,856.85,873.64,873.64,"6,10,16,20,000"
nasdaq,4/29/2009,1688.660034,1726.689941,1687.290039,1711.939941,1711.939941,2385720000
s&p,4/30/2009,876.59,888.7,868.51,872.81,872.81,"6,86,25,40,000"
nasdaq,4/30/2009,1732.469971,1753.609985,1710.069946,1717.300049,1717.300049,2871300000
s&p,5/1/2009,872.74,880.48,866.1,877.52,877.52,"5,31,21,70,000"
nasdaq,5/1/2009,1719.290039,1728.099976,1703.52002,1719.199951,1719.199951,2165930000
s&p,5/4/2009,879.21,907.85,879.21,907.24,907.24,"7,03,88,40,000"
nasdaq,5/4/2009,1733.709961,1763.560059,1729.310059,1763.560059,1763.560059,2524800000
s&p,5/5/2009,906.1,907.7,897.34,903.8,903.8,"6,88,28,60,000"
nasdaq,5/5/2009,1757.26001,1759.420044,1735.369995,1754.119995,1754.119995,2538290000
s&p,5/6/2009,903.95,920.28,903.95,919.53,919.53,"8,55,50,40,000"
nasdaq,5/6/2009,1768.689941,1770.290039,1730.969971,1759.099976,1759.099976,2966510000
s&p,5/7/2009,919.58,929.58,901.36,907.39,907.39,"9,12,01,00,000"
nasdaq,5/7/2009,1772.099976,1773.130005,1702.540039,1716.23999,1716.23999,3299360000
s&p,5/8/2009,909.03,930.17,909.03,929.23,929.23,"8,16,32,80,000"
nasdaq,5/8/2009,1733.5,1747.410034,1711.01001,1739,1739,3206310000
s&p,5/11/2009,922.99,922.99,908.68,909.24,909.24,"6,15,06,00,000"
nasdaq,5/11/2009,1713.650024,1747.969971,1705.869995,1731.23999,1731.23999,2543450000
s&p,5/12/2009,910.52,915.57,896.46,908.35,908.35,"6,87,17,50,000"
nasdaq,5/12/2009,1742.859985,1743.52002,1695.869995,1715.920044,1715.920044,2475150000
s&p,5/13/2009,905.4,905.4,882.8,883.92,883.92,"7,09,18,20,000"
nasdaq,5/13/2009,1696.800049,1697.76001,1664.189941,1664.189941,1664.189941,2356410000
s&p,5/14/2009,884.24,898.36,882.52,893.07,893.07,"6,13,48,70,000"
nasdaq,5/14/2009,1672.47998,1701.219971,1667.939941,1689.209961,1689.209961,2162620000
s&p,5/15/2009,892.76,896.97,878.94,882.88,882.88,"5,43,97,20,000"
nasdaq,5/15/2009,1687.48999,1703.449951,1676.560059,1680.140015,1680.140015,2057500000
s&p,5/18/2009,886.07,910,886.07,909.71,909.71,"5,70,21,50,000"
nasdaq,5/18/2009,1696.819946,1732.359985,1689.550049,1732.359985,1732.359985,2023250000
s&p,5/19/2009,909.67,916.39,905.22,908.13,908.13,"6,61,62,70,000"
nasdaq,5/19/2009,1727,1750.050049,1719.920044,1734.540039,1734.540039,2076390000
s&p,5/20/2009,908.62,924.6,901.37,903.47,903.47,"8,20,50,60,000"
nasdaq,5/20/2009,1743.599976,1767.469971,1722.319946,1727.839966,1727.839966,2261780000
s&p,5/21/2009,900.42,900.42,879.61,888.33,888.33,"6,01,98,40,000"
nasdaq,5/21/2009,1709.829956,1719.579956,1677.77002,1695.25,1695.25,2206610000
s&p,5/22/2009,888.68,896.65,883.75,887,887,"5,15,53,20,000"
nasdaq,5/22/2009,1702.060059,1711.97998,1682.23999,1692.01001,1692.01001,1619520000
s&p,5/26/2009,887,911.76,881.46,910.33,910.33,"5,66,70,50,000"
nasdaq,5/26/2009,1677.719971,1751.469971,1677.540039,1750.430054,1750.430054,2095650000
s&p,5/27/2009,909.95,913.84,891.87,893.06,893.06,"5,69,88,00,000"
nasdaq,5/27/2009,1745.560059,1768.219971,1728.959961,1731.079956,1731.079956,2118100000
s&p,5/28/2009,892.96,909.45,887.6,906.83,906.83,"5,73,89,80,000"
nasdaq,5/28/2009,1744.22998,1754.949951,1714.47998,1751.790039,1751.790039,2189090000
s&p,5/29/2009,907.02,920.02,903.56,919.14,919.14,"6,05,04,20,000"
nasdaq,5/29/2009,1756.26001,1774.329956,1742.98999,1774.329956,1774.329956,2465310000
s&p,6/1/2009,923.26,947.77,923.26,942.87,942.87,"6,37,04,40,000"
nasdaq,6/1/2009,1796.089966,1833.180054,1792.800049,1828.680054,1828.680054,2600340000
s&p,6/2/2009,942.87,949.38,938.46,944.74,944.74,"5,98,73,40,000"
nasdaq,6/2/2009,1821.219971,1846.650024,1815.829956,1836.800049,1836.800049,2611690000
s&p,6/3/2009,942.51,942.51,923.85,931.76,931.76,"5,32,37,70,000"
nasdaq,6/3/2009,1825.599976,1828.089966,1806.51001,1825.920044,1825.920044,2246950000
s&p,6/4/2009,932.49,942.47,929.32,942.46,942.46,"5,35,28,90,000"
nasdaq,6/4/2009,1829.839966,1850.040039,1825.619995,1850.02002,1850.02002,2468840000
s&p,6/5/2009,945.67,951.69,934.13,940.09,940.09,"5,27,79,10,000"
nasdaq,6/5/2009,1864.02002,1865.949951,1834.630005,1849.420044,1849.420044,2310590000
s&p,6/8/2009,938.12,946.33,926.44,939.14,939.14,"4,48,34,30,000"
nasdaq,6/8/2009,1836.869995,1857.800049,1818.589966,1842.400024,1842.400024,1972980000
s&p,6/9/2009,940.35,946.92,936.15,942.43,942.43,"4,43,99,50,000"
nasdaq,6/9/2009,1850.47998,1869.52002,1846.26001,1860.130005,1860.130005,2140370000
s&p,6/10/2009,942.73,949.77,927.97,939.15,939.15,"5,37,94,20,000"
nasdaq,6/10/2009,1872.01001,1872.699951,1827.609985,1853.079956,1853.079956,2347870000
s&p,6/11/2009,939.04,956.23,939.04,944.89,944.89,"5,50,08,40,000"
nasdaq,6/11/2009,1854.75,1879.920044,1854.75,1862.369995,1862.369995,2463860000
s&p,6/12/2009,943.44,946.3,935.66,946.21,946.21,"4,52,81,20,000"
nasdaq,6/12/2009,1852.430054,1858.800049,1833.390015,1858.800049,1858.800049,2013560000
s&p,6/15/2009,942.45,942.45,919.65,923.72,923.72,"4,69,78,80,000"
nasdaq,6/15/2009,1837.939941,1838.329956,1803.069946,1816.380005,1816.380005,2154700000
s&p,6/16/2009,925.6,928,911.6,911.97,911.97,"4,95,12,00,000"
nasdaq,6/16/2009,1825.199951,1831.180054,1795.550049,1796.180054,1796.180054,2227700000
s&p,6/17/2009,911.89,918.44,903.78,910.71,910.71,"5,52,36,50,000"
nasdaq,6/17/2009,1799.219971,1824.199951,1785.339966,1808.060059,1808.060059,2523180000
s&p,6/18/2009,910.86,921.93,907.94,918.37,918.37,"4,68,40,10,000"
nasdaq,6/18/2009,1809.040039,1816.599976,1795.73999,1807.719971,1807.719971,2067830000
s&p,6/19/2009,919.96,927.09,915.8,921.23,921.23,"5,71,33,90,000"
nasdaq,6/19/2009,1824.98999,1837.579956,1817.069946,1827.469971,1827.469971,2864420000
s&p,6/22/2009,918.13,918.13,893.04,893.04,893.04,"4,90,39,40,000"
nasdaq,6/22/2009,1809.530029,1810.579956,1765.849976,1766.189941,1766.189941,2318970000
s&p,6/23/2009,893.46,898.69,888.86,895.1,895.1,"5,07,10,20,000"
nasdaq,6/23/2009,1771.420044,1777.579956,1753.780029,1764.920044,1764.920044,2152480000
s&p,6/24/2009,896.31,910.85,896.31,900.94,900.94,"4,63,67,20,000"
nasdaq,6/24/2009,1780.880005,1807.079956,1780.25,1792.339966,1792.339966,2150570000
s&p,6/25/2009,899.45,921.42,896.27,920.26,920.26,"4,91,12,40,000"
nasdaq,6/25/2009,1783.189941,1829.670044,1779.180054,1829.540039,1829.540039,2227980000
s&p,6/26/2009,918.84,922,913.03,918.9,918.9,"6,07,66,60,000"
nasdaq,6/26/2009,1819.160034,1840.97998,1816.839966,1838.219971,1838.219971,3989940000
s&p,6/29/2009,919.86,927.99,916.18,927.23,927.23,"4,21,17,60,000"
nasdaq,6/29/2009,1842.089966,1854.089966,1825.030029,1844.060059,1844.060059,1981450000
s&p,6/30/2009,927.15,930.01,912.86,919.32,919.32,"4,62,75,70,000"
nasdaq,6/30/2009,1845.469971,1854.689941,1824.949951,1835.040039,1835.040039,2044980000
s&p,7/1/2009,920.82,931.92,920.82,923.33,923.33,"3,91,94,00,000"
nasdaq,7/1/2009,1846.119995,1861.619995,1843.790039,1845.719971,1845.719971,1971050000
s&p,7/2/2009,921.24,921.24,896.42,896.42,896.42,"3,93,10,00,000"
nasdaq,7/2/2009,1823.689941,1823.910034,1795.949951,1796.52002,1796.52002,1923070000
s&p,7/6/2009,894.27,898.72,886.36,898.72,898.72,"4,71,25,80,000"
nasdaq,7/6/2009,1783.5,1793.420044,1770.109985,1787.400024,1787.400024,1970530000
s&p,7/7/2009,898.6,898.6,879.93,881.03,881.03,"4,67,33,00,000"
nasdaq,7/7/2009,1787.439941,1788.969971,1745.380005,1746.170044,1746.170044,2027240000
s&p,7/8/2009,881.9,886.8,869.32,879.56,879.56,"5,72,17,80,000"
nasdaq,7/8/2009,1756,1757.670044,1727.050049,1747.170044,1747.170044,2467520000
s&p,7/9/2009,881.28,887.86,878.45,882.68,882.68,"4,34,71,70,000"
nasdaq,7/9/2009,1756.969971,1763.630005,1747.439941,1752.550049,1752.550049,1868280000
s&p,7/10/2009,880.03,883.57,872.81,879.13,879.13,"3,91,20,80,000"
nasdaq,7/10/2009,1744.609985,1764.109985,1738.26001,1756.030029,1756.030029,1658010000
s&p,7/13/2009,879.57,901.05,875.32,901.05,901.05,"4,49,94,40,000"
nasdaq,7/13/2009,1761.030029,1793.209961,1736.949951,1793.209961,1793.209961,1899410000
s&p,7/14/2009,900.77,905.84,896.5,905.84,905.84,"4,14,90,30,000"
nasdaq,7/14/2009,1790.699951,1800.72998,1782.849976,1799.72998,1799.72998,1856910000
s&p,7/15/2009,910.15,933.95,910.15,932.68,932.68,"5,23,88,30,000"
nasdaq,7/15/2009,1827.609985,1863.290039,1824.310059,1862.900024,1862.900024,2543340000
s&p,7/16/2009,930.17,943.96,927.45,940.74,940.74,"4,89,86,40,000"
nasdaq,7/16/2009,1856.050049,1887.890015,1854.699951,1885.030029,1885.030029,2072730000
s&p,7/17/2009,940.56,941.89,934.65,940.38,940.38,"5,14,13,80,000"
nasdaq,7/17/2009,1880.310059,1887.339966,1873.810059,1886.609985,1886.609985,1876760000
s&p,7/20/2009,942.07,951.62,940.99,951.13,951.13,"4,85,31,50,000"
nasdaq,7/20/2009,1896.98999,1909.890015,1890,1909.290039,1909.290039,2046350000
s&p,7/21/2009,951.97,956.53,943.22,954.58,954.58,"5,30,93,00,000"
nasdaq,7/21/2009,1917.390015,1917.459961,1892.170044,1916.199951,1916.199951,2205230000
s&p,7/22/2009,953.4,959.83,947.75,954.07,954.07,"4,63,41,00,000"
nasdaq,7/22/2009,1908.829956,1934.609985,1907.25,1926.380005,1926.380005,2306340000
s&p,7/23/2009,954.07,979.42,953.27,976.29,976.29,"5,76,16,50,000"
nasdaq,7/23/2009,1924.959961,1979.339966,1924.77002,1973.599976,1973.599976,3021430000
s&p,7/24/2009,972.16,979.79,965.95,979.26,979.26,"4,45,83,00,000"
nasdaq,7/24/2009,1943.22998,1966.26001,1937.640015,1965.959961,1965.959961,2232920000
s&p,7/27/2009,978.63,982.49,972.29,982.18,982.18,"4,63,12,90,000"
nasdaq,7/27/2009,1964.619995,1971.380005,1946.949951,1967.890015,1967.890015,2141690000
s&p,7/28/2009,981.48,982.35,969.35,979.62,979.62,"5,49,03,50,000"
nasdaq,7/28/2009,1957.26001,1978.430054,1947.890015,1975.51001,1975.51001,2206850000
s&p,7/29/2009,977.66,977.76,968.65,975.15,975.15,"5,17,87,70,000"
nasdaq,7/29/2009,1965.319946,1970.650024,1953.359985,1967.76001,1967.76001,2072650000
s&p,7/30/2009,976.01,996.68,976.01,986.75,986.75,"6,03,51,80,000"
nasdaq,7/30/2009,1986.209961,2009.810059,1980.079956,1984.300049,1984.300049,2525670000
s&p,7/31/2009,986.8,993.18,982.85,987.48,987.48,"5,13,90,70,000"
nasdaq,7/31/2009,1980.719971,1995.050049,1977.650024,1978.5,1978.5,2190380000
s&p,8/3/2009,990.22,"1,003.61",990.22,"1,002.63","1,002.63","5,60,34,40,000"
nasdaq,8/3/2009,1998.349976,2008.609985,1985.880005,2008.609985,2008.609985,2155720000
s&p,8/4/2009,"1,001.41","1,007.12",996.68,"1,005.65","1,005.65","5,71,37,00,000"
nasdaq,8/4/2009,1996.380005,2015.589966,1993.73999,2011.310059,2011.310059,2235010000
s&p,8/5/2009,"1,005.41","1,006.64",994.31,"1,002.72","1,002.72","7,24,21,20,000"
nasdaq,8/5/2009,2014.449951,2014.449951,1980.680054,1993.050049,1993.050049,2353550000
s&p,8/6/2009,"1,004.06","1,008.00",992.49,997.08,997.08,"6,75,33,80,000"
nasdaq,8/6/2009,1999.209961,2004.369995,1967.680054,1973.160034,1973.160034,2408400000
s&p,8/7/2009,999.83,"1,018.00",999.83,"1,010.48","1,010.48","6,82,70,90,000"
nasdaq,8/7/2009,1997,2012.329956,1984.5,2000.25,2000.25,2323980000
s&p,8/10/2009,"1,008.89","1,010.12","1,000.99","1,007.10","1,007.10","5,40,60,80,000"
nasdaq,8/10/2009,1991.439941,1999.550049,1979.390015,1992.23999,1992.23999,1844700000
s&p,8/11/2009,"1,005.77","1,005.77",992.4,994.35,994.35,"5,77,31,60,000"
nasdaq,8/11/2009,1985.060059,1986.849976,1962.079956,1969.72998,1969.72998,1915530000
s&p,8/12/2009,994,"1,012.78",993.36,"1,005.81","1,005.81","5,49,81,70,000"
nasdaq,8/12/2009,1970.949951,2015.26001,1970.25,1998.719971,1998.719971,2140190000
s&p,8/13/2009,"1,005.86","1,013.14","1,000.82","1,012.73","1,012.73","5,25,06,60,000"
nasdaq,8/13/2009,2009.27002,2013.430054,1986.869995,2009.349976,2009.349976,2084370000
s&p,8/14/2009,"1,012.23","1,012.60",994.6,"1,004.09","1,004.09","4,94,07,50,000"
nasdaq,8/14/2009,2005.790039,2006.72998,1969.680054,1985.52002,1985.52002,1923410000
s&p,8/17/2009,998.18,998.18,978.51,979.73,979.73,"4,08,85,70,000"
nasdaq,8/17/2009,1949.22998,1949.22998,1929.640015,1930.839966,1930.839966,1924190000
s&p,8/18/2009,980.62,991.2,980.62,989.67,989.67,"4,19,89,70,000"
nasdaq,8/18/2009,1940.550049,1958.709961,1935.329956,1955.920044,1955.920044,1749420000
s&p,8/19/2009,986.88,999.61,980.62,996.46,996.46,"4,25,70,00,000"
nasdaq,8/19/2009,1933.390015,1972.319946,1931.910034,1969.23999,1969.23999,1977750000
s&p,8/20/2009,996.41,"1,008.92",996.39,"1,007.37","1,007.37","4,89,31,60,000"
nasdaq,8/20/2009,1967.569946,1992.219971,1965.689941,1989.219971,1989.219971,1958470000
s&p,8/21/2009,"1,009.06","1,027.59","1,009.06","1,026.13","1,026.13","5,88,55,50,000"
nasdaq,8/21/2009,2000.150024,2021.859985,1994.329956,2020.900024,2020.900024,2259140000
s&p,8/24/2009,"1,026.59","1,035.82","1,022.48","1,025.57","1,025.57","6,30,24,50,000"
nasdaq,8/24/2009,2026.109985,2036.030029,2012,2017.97998,2017.97998,2046370000
s&p,8/25/2009,"1,026.63","1,037.75","1,026.21","1,028.00","1,028.00","5,76,87,40,000"
nasdaq,8/25/2009,2025.589966,2040.589966,2019.170044,2024.22998,2024.22998,1936980000
s&p,8/26/2009,"1,027.35","1,032.47","1,021.57","1,028.12","1,028.12","5,08,00,60,000"
nasdaq,8/26/2009,2021.300049,2034.310059,2013.52002,2024.430054,2024.430054,2037560000
s&p,8/27/2009,"1,027.81","1,033.33","1,016.20","1,030.98","1,030.98","5,78,58,80,000"
nasdaq,8/27/2009,2021.310059,2029.27002,1993.030029,2027.72998,2027.72998,2140540000
s&p,8/28/2009,"1,031.62","1,039.47","1,023.13","1,028.93","1,028.93","5,78,57,80,000"
nasdaq,8/28/2009,2050.530029,2059.47998,2017.420044,2028.77002,2028.77002,2340180000
s&p,8/31/2009,"1,025.21","1,025.21","1,014.62","1,020.62","1,020.62","5,00,45,60,000"
nasdaq,8/31/2009,2011.140015,2013.650024,1997.530029,2009.060059,2009.060059,2256210000
s&p,9/1/2009,"1,019.52","1,028.45",996.28,998.04,998.04,"6,86,23,60,000"
nasdaq,9/1/2009,2001.300049,2034.780029,1965.47998,1968.890015,1968.890015,2778570000
s&p,9/2/2009,996.07,"1,000.34",991.97,994.75,994.75,"5,84,27,30,000"
nasdaq,9/2/2009,1960.069946,1976.349976,1958.51001,1967.069946,1967.069946,1974330000
s&p,9/3/2009,996.12,"1,003.43",992.25,"1,003.24","1,003.24","4,62,42,80,000"
nasdaq,9/3/2009,1975.849976,1983.369995,1958.040039,1983.199951,1983.199951,1853450000
s&p,9/4/2009,"1,003.84","1,016.48","1,001.65","1,016.40","1,016.40","4,09,73,70,000"
nasdaq,9/4/2009,1986.97998,2018.920044,1982.050049,2018.780029,2018.780029,1722150000
s&p,9/8/2009,"1,018.67","1,026.07","1,018.67","1,025.39","1,025.39","5,23,51,60,000"
nasdaq,9/8/2009,2034.73999,2038.630005,2023.030029,2037.77002,2037.77002,2037180000
s&p,9/9/2009,"1,025.36","1,036.34","1,023.97","1,033.37","1,033.37","5,20,25,50,000"
nasdaq,9/9/2009,2038.920044,2066.340088,2033.469971,2060.389893,2060.389893,2493930000
s&p,9/10/2009,"1,032.99","1,044.14","1,028.04","1,044.14","1,044.14","5,19,13,80,000"
nasdaq,9/10/2009,2059.47998,2084.02002,2055.48999,2084.02002,2084.02002,2451330000
s&p,9/11/2009,"1,043.92","1,048.18","1,038.40","1,042.73","1,042.73","4,92,26,00,000"
nasdaq,9/11/2009,2083.340088,2088.929932,2070.02002,2080.899902,2080.899902,2318050000
s&p,9/14/2009,"1,040.15","1,049.74","1,035.00","1,049.34","1,049.34","4,97,96,10,000"
nasdaq,9/14/2009,2066.149902,2091.780029,2065.800049,2091.780029,2091.780029,2157600000
s&p,9/15/2009,"1,049.03","1,056.04","1,043.42","1,052.63","1,052.63","6,18,56,20,000"
nasdaq,9/15/2009,2090.330078,2106.929932,2086.159912,2102.639893,2102.639893,2372990000
s&p,9/16/2009,"1,053.99","1,068.76","1,052.87","1,068.76","1,068.76","6,79,35,30,000"
nasdaq,9/16/2009,2110.060059,2133.149902,2102.860107,2133.149902,2133.149902,2707080000
s&p,9/17/2009,"1,067.87","1,074.77","1,061.20","1,065.49","1,065.49","6,66,81,10,000"
nasdaq,9/17/2009,2129.419922,2140.600098,2118.5,2126.75,2126.75,2615780000
s&p,9/18/2009,"1,066.60","1,071.52","1,064.27","1,068.30","1,068.30","5,60,79,70,000"
nasdaq,9/18/2009,2134.850098,2138.820068,2120.699951,2132.860107,2132.860107,3023010000
s&p,9/21/2009,"1,067.14","1,067.28","1,057.46","1,064.66","1,064.66","4,61,52,80,000"
nasdaq,9/21/2009,2121.340088,2142.409912,2118.47998,2138.040039,2138.040039,2408860000
s&p,9/22/2009,"1,066.35","1,073.81","1,066.35","1,071.66","1,071.66","5,24,66,00,000"
nasdaq,9/22/2009,2150.02002,2150.679932,2137.389893,2146.300049,2146.300049,2490480000
s&p,9/23/2009,"1,072.69","1,080.15","1,060.39","1,060.87","1,060.87","5,53,19,30,000"
nasdaq,9/23/2009,2152.429932,2167.699951,2130.340088,2131.419922,2131.419922,2683250000
s&p,9/24/2009,"1,062.56","1,066.29","1,045.85","1,050.78","1,050.78","5,50,56,10,000"
nasdaq,9/24/2009,2140.060059,2142.48999,2097.100098,2107.610107,2107.610107,2607280000
s&p,9/25/2009,"1,049.48","1,053.47","1,041.17","1,044.38","1,044.38","4,50,70,90,000"
nasdaq,9/25/2009,2095.840088,2106.98999,2085.350098,2090.919922,2090.919922,2363930000
s&p,9/28/2009,"1,045.38","1,065.13","1,045.38","1,062.98","1,062.98","3,72,69,50,000"
nasdaq,9/28/2009,2101.919922,2140.040039,2101.429932,2130.73999,2130.73999,1890030000
s&p,9/29/2009,"1,063.69","1,069.62","1,057.83","1,060.61","1,060.61","4,94,99,00,000"
nasdaq,9/29/2009,2131.669922,2141.399902,2116.629883,2124.040039,2124.040039,2062970000
s&p,9/30/2009,"1,061.02","1,063.40","1,046.47","1,057.08","1,057.08","5,99,88,60,000"
nasdaq,9/30/2009,2131.300049,2137.870117,2092.300049,2122.419922,2122.419922,2640660000
s&p,10/1/2009,"1,054.91","1,054.91","1,029.45","1,029.85","1,029.85","5,79,14,50,000"
nasdaq,10/1/2009,2111.77002,2112.899902,2057.47998,2057.47998,2057.47998,2708170000
s&p,10/2/2009,"1,029.71","1,030.60","1,019.95","1,025.21","1,025.21","5,58,32,40,000"
nasdaq,10/2/2009,2040.839966,2064.149902,2040.72998,2048.110107,2048.110107,2448110000
s&p,10/5/2009,"1,026.87","1,042.58","1,025.92","1,040.46","1,040.46","4,31,33,10,000"
nasdaq,10/5/2009,2056.52002,2074.780029,2049.040039,2068.149902,2068.149902,2156250000
s&p,10/6/2009,"1,042.02","1,060.55","1,042.02","1,054.72","1,054.72","5,02,98,40,000"
nasdaq,10/6/2009,2080.399902,2111.129883,2079.48999,2103.570068,2103.570068,2413450000
s&p,10/7/2009,"1,053.65","1,058.02","1,050.10","1,057.58","1,057.58","4,23,82,20,000"
nasdaq,10/7/2009,2099.060059,2110.330078,2095.939941,2110.330078,2110.330078,2220910000
s&p,10/8/2009,"1,060.03","1,070.67","1,060.03","1,065.48","1,065.48","4,98,84,00,000"
nasdaq,10/8/2009,2124.689941,2139.649902,2116.060059,2123.929932,2123.929932,2366950000
s&p,10/9/2009,"1,065.28","1,071.51","1,063.00","1,071.49","1,071.49","3,76,37,80,000"
nasdaq,10/9/2009,2120,2139.620117,2118.040039,2139.280029,2139.280029,1936850000
s&p,10/12/2009,"1,071.63","1,079.46","1,071.63","1,076.19","1,076.19","3,71,04,30,000"
nasdaq,10/12/2009,2145.629883,2155.919922,2128.389893,2139.139893,2139.139893,1784280000
s&p,10/13/2009,"1,074.96","1,075.30","1,066.71","1,073.19","1,073.19","4,32,04,80,000"
nasdaq,10/13/2009,2138.699951,2146.350098,2128.439941,2139.889893,2139.889893,2020110000
s&p,10/14/2009,"1,078.68","1,093.17","1,078.68","1,092.02","1,092.02","5,40,64,20,000"
nasdaq,10/14/2009,2165.830078,2173.949951,2157.47998,2172.22998,2172.22998,2348620000
s&p,10/15/2009,"1,090.36","1,096.56","1,086.41","1,096.56","1,096.56","5,36,97,80,000"
nasdaq,10/15/2009,2164.330078,2173.290039,2158.290039,2173.290039,2173.290039,2140090000
s&p,10/16/2009,"1,094.67","1,094.67","1,081.53","1,087.68","1,087.68","4,89,47,40,000"
nasdaq,10/16/2009,2164.72998,2164.72998,2142.879883,2156.800049,2156.800049,2209950000
s&p,10/19/2009,"1,088.22","1,100.17","1,086.48","1,097.91","1,097.91","4,61,92,40,000"
nasdaq,10/19/2009,2162.409912,2180.110107,2150.419922,2176.320068,2176.320068,1970440000
s&p,10/20/2009,"1,098.64","1,098.64","1,086.16","1,091.06","1,091.06","5,39,69,30,000"
nasdaq,10/20/2009,2180.429932,2181.159912,2151.77002,2163.469971,2163.469971,2110580000
s&p,10/21/2009,"1,090.36","1,101.36","1,080.77","1,081.40","1,081.40","5,61,62,90,000"
nasdaq,10/21/2009,2160.780029,2190.639893,2148.409912,2150.72998,2150.72998,2565680000
s&p,10/22/2009,"1,080.96","1,095.21","1,074.31","1,092.91","1,092.91","5,19,24,10,000"
nasdaq,10/22/2009,2146.719971,2169.169922,2130.699951,2165.290039,2165.290039,2265230000
s&p,10/23/2009,"1,095.62","1,095.83","1,075.49","1,079.60","1,079.60","4,76,74,60,000"
nasdaq,10/23/2009,2186.639893,2190.47998,2149.350098,2154.469971,2154.469971,2441920000
s&p,10/26/2009,"1,080.36","1,091.75","1,065.23","1,066.95","1,066.95","6,36,33,80,000"
nasdaq,10/26/2009,2158.810059,2183.610107,2136.919922,2141.850098,2141.850098,2316210000
s&p,10/27/2009,"1,067.54","1,072.48","1,060.62","1,063.41","1,063.41","5,33,73,80,000"
nasdaq,10/27/2009,2144.149902,2148.879883,2110.909912,2116.090088,2116.090088,2384620000
s&p,10/28/2009,"1,061.51","1,063.26","1,042.19","1,042.63","1,042.63","6,60,03,50,000"
nasdaq,10/28/2009,2103.360107,2111.840088,2057.399902,2059.610107,2059.610107,2769570000
s&p,10/29/2009,"1,043.69","1,066.83","1,043.69","1,066.11","1,066.11","5,59,50,40,000"
nasdaq,10/29/2009,2077.040039,2101.330078,2071.300049,2097.550049,2097.550049,2301370000
s&p,10/30/2009,"1,065.41","1,065.41","1,033.38","1,036.19","1,036.19","6,51,24,20,000"
nasdaq,10/30/2009,2091.560059,2095.090088,2040.209961,2045.109985,2045.109985,2610280000
s&p,11/2/2009,"1,036.18","1,052.18","1,029.38","1,042.88","1,042.88","6,20,26,40,000"
nasdaq,11/2/2009,2047.420044,2069.48999,2024.27002,2049.199951,2049.199951,2408320000
s&p,11/3/2009,"1,040.92","1,046.36","1,033.94","1,045.41","1,045.41","5,48,75,00,000"
nasdaq,11/3/2009,2034.089966,2057.320068,2031.25,2057.320068,2057.320068,2061050000
s&p,11/4/2009,"1,047.14","1,061.00","1,045.15","1,046.50","1,046.50","5,63,55,10,000"
nasdaq,11/4/2009,2067.560059,2081.100098,2053,2055.52002,2055.52002,2217520000
s&p,11/5/2009,"1,047.30","1,066.65","1,047.30","1,066.63","1,066.63","4,84,83,50,000"
nasdaq,11/5/2009,2078.830078,2105.320068,2075.610107,2105.320068,2105.320068,2209690000
s&p,11/6/2009,"1,064.95","1,071.48","1,059.32","1,069.30","1,069.30","4,27,71,30,000"
nasdaq,11/6/2009,2089.48999,2117.620117,2088.23999,2112.439941,2112.439941,1829150000
s&p,11/9/2009,"1,072.31","1,093.19","1,072.31","1,093.08","1,093.08","4,46,00,30,000"
nasdaq,11/9/2009,2128.459961,2154.060059,2128.149902,2154.060059,2154.060059,2004700000
s&p,11/10/2009,"1,091.86","1,096.42","1,087.40","1,093.01","1,093.01","4,39,47,70,000"
nasdaq,11/10/2009,2147.23999,2160.639893,2141.27002,2151.080078,2151.080078,1997240000
s&p,11/11/2009,"1,096.04","1,105.37","1,093.81","1,098.51","1,098.51","4,28,67,00,000"
nasdaq,11/11/2009,2166.530029,2177.909912,2155.25,2166.899902,2166.899902,1851790000
s&p,11/12/2009,"1,098.31","1,101.97","1,084.90","1,087.24","1,087.24","4,16,02,50,000"
nasdaq,11/12/2009,2166.97998,2179.189941,2145.830078,2149.02002,2149.02002,2212370000
s&p,11/13/2009,"1,087.59","1,097.79","1,085.33","1,093.48","1,093.48","3,79,26,10,000"
nasdaq,11/13/2009,2156.679932,2172.050049,2145.919922,2167.879883,2167.879883,1876220000
s&p,11/16/2009,"1,094.13","1,113.69","1,094.13","1,109.30","1,109.30","4,56,58,50,000"
nasdaq,11/16/2009,2177.310059,2205.320068,2177,2197.850098,2197.850098,2105020000
s&p,11/17/2009,"1,109.22","1,110.52","1,102.19","1,110.32","1,110.32","3,82,40,70,000"
nasdaq,11/17/2009,2190.120117,2203.780029,2185.550049,2203.780029,2203.780029,1887240000
s&p,11/18/2009,"1,109.44","1,111.10","1,102.70","1,109.80","1,109.80","4,29,33,40,000"
nasdaq,11/18/2009,2199.870117,2200.149902,2180.169922,2193.139893,2193.139893,1990220000
s&p,11/19/2009,"1,106.44","1,106.44","1,088.40","1,094.90","1,094.90","4,17,80,30,000"
nasdaq,11/19/2009,2176.370117,2176.51001,2141.590088,2156.820068,2156.820068,2208700000
s&p,11/20/2009,"1,094.66","1,094.66","1,086.81","1,091.38","1,091.38","3,75,12,30,000"
nasdaq,11/20/2009,2145.070068,2150.080078,2137.060059,2146.040039,2146.040039,1962760000
s&p,11/23/2009,"1,094.86","1,112.38","1,094.86","1,106.24","1,106.24","3,82,79,20,000"
nasdaq,11/23/2009,2168.949951,2189.5,2168.77002,2176.01001,2176.01001,1840170000
s&p,11/24/2009,"1,105.83","1,107.56","1,097.63","1,105.65","1,105.65","3,70,08,20,000"
nasdaq,11/24/2009,2174.689941,2175.149902,2155.219971,2169.179932,2169.179932,1858490000
s&p,11/25/2009,"1,106.49","1,111.18","1,104.75","1,110.63","1,110.63","3,03,63,50,000"
nasdaq,11/25/2009,2174,2178.620117,2170.060059,2176.050049,2176.050049,1398610000
s&p,11/27/2009,"1,105.47","1,105.47","1,083.74","1,091.49","1,091.49","2,36,29,10,000"
nasdaq,11/27/2009,2115.959961,2155.409912,2113.98999,2138.439941,2138.439941,971990000
s&p,11/30/2009,"1,091.07","1,097.24","1,086.25","1,095.63","1,095.63","3,89,55,20,000"
nasdaq,11/30/2009,2135.929932,2146.929932,2120.699951,2144.600098,2144.600098,1986050000
s&p,12/1/2009,"1,098.89","1,112.28","1,098.89","1,108.86","1,108.86","4,24,93,10,000"
nasdaq,12/1/2009,2162.22998,2182.23999,2162.22998,2175.810059,2175.810059,2151300000
s&p,12/2/2009,"1,109.03","1,115.58","1,105.29","1,109.24","1,109.24","3,94,13,40,000"
nasdaq,12/2/2009,2178.51001,2198.550049,2177.820068,2185.030029,2185.030029,2068920000
s&p,12/3/2009,"1,110.59","1,117.28","1,098.74","1,099.92","1,099.92","4,81,00,30,000"
nasdaq,12/3/2009,2190.419922,2203.75,2172.040039,2173.139893,2173.139893,2001660000
s&p,12/4/2009,"1,100.43","1,119.13","1,096.52","1,105.98","1,105.98","5,78,11,40,000"
nasdaq,12/4/2009,2203.75,2214.389893,2169.659912,2194.350098,2194.350098,2305950000
s&p,12/7/2009,"1,105.52","1,110.72","1,100.83","1,103.25","1,103.25","4,10,33,60,000"
nasdaq,12/7/2009,2191.350098,2201.419922,2183.129883,2189.610107,2189.610107,1878980000
s&p,12/8/2009,"1,103.04","1,103.04","1,088.61","1,091.94","1,091.94","4,74,80,30,000"
nasdaq,12/8/2009,2174.719971,2187.189941,2160.429932,2172.98999,2172.98999,1981800000
s&p,12/9/2009,"1,091.07","1,097.04","1,085.89","1,095.95","1,095.95","4,11,54,10,000"
nasdaq,12/9/2009,2170.02002,2185.699951,2155.959961,2183.72998,2183.72998,1906210000
s&p,12/10/2009,"1,098.69","1,106.25","1,098.69","1,102.35","1,102.35","3,99,64,90,000"
nasdaq,12/10/2009,2194.899902,2202.840088,2187.080078,2190.860107,2190.860107,1946370000
s&p,12/11/2009,"1,103.96","1,108.50","1,101.34","1,106.41","1,106.41","3,79,10,90,000"
nasdaq,12/11/2009,2200.959961,2202.399902,2179.51001,2190.310059,2190.310059,1754430000
s&p,12/14/2009,"1,107.84","1,114.76","1,107.84","1,114.11","1,114.11","4,54,84,90,000"
nasdaq,12/14/2009,2202.310059,2212.560059,2193.199951,2212.100098,2212.100098,1841890000
s&p,12/15/2009,"1,114.11","1,114.11","1,105.35","1,107.93","1,107.93","5,04,51,00,000"
nasdaq,12/15/2009,2203.540039,2217.629883,2197.76001,2201.050049,2201.050049,1946960000
s&p,12/16/2009,"1,108.61","1,116.21","1,107.96","1,109.18","1,109.18","4,82,98,20,000"
nasdaq,12/16/2009,2210.350098,2220.459961,2203.330078,2206.909912,2206.909912,2022440000
s&p,12/17/2009,"1,106.36","1,106.36","1,095.88","1,096.08","1,096.08","7,61,50,70,000"
nasdaq,12/17/2009,2193.5,2198.51001,2178.050049,2180.050049,2180.050049,1904840000
s&p,12/18/2009,"1,097.86","1,103.74","1,093.88","1,102.47","1,102.47","6,32,58,90,000"
nasdaq,12/18/2009,2197.570068,2213.179932,2190.689941,2211.689941,2211.689941,2848410000
s&p,12/21/2009,"1,105.31","1,117.68","1,105.31","1,114.05","1,114.05","3,97,73,40,000"
nasdaq,12/21/2009,2224.040039,2242.219971,2224.040039,2237.659912,2237.659912,1808830000
s&p,12/22/2009,"1,114.51","1,120.27","1,114.51","1,118.02","1,118.02","3,64,11,30,000"
nasdaq,12/22/2009,2242.610107,2253.72998,2241.330078,2252.669922,2252.669922,1724200000
s&p,12/23/2009,"1,118.84","1,121.58","1,116.00","1,120.59","1,120.59","3,16,68,70,000"
nasdaq,12/23/2009,2257.209961,2271.330078,2253.669922,2269.639893,2269.639893,1582900000
s&p,12/24/2009,"1,121.08","1,126.48","1,121.08","1,126.48","1,126.48","1,26,77,10,000"
nasdaq,12/24/2009,2273.949951,2285.889893,2273.399902,2285.689941,2285.689941,632650000
s&p,12/28/2009,"1,127.53","1,130.38","1,123.51","1,127.78","1,127.78","2,71,64,00,000"
nasdaq,12/28/2009,2290.040039,2295.800049,2280.560059,2291.080078,2291.080078,1232130000
s&p,12/29/2009,"1,128.55","1,130.38","1,126.08","1,126.20","1,126.20","2,49,10,20,000"
nasdaq,12/29/2009,2293.939941,2294.75,2286.570068,2288.399902,2288.399902,1177710000
s&p,12/30/2009,"1,125.53","1,126.42","1,121.94","1,126.42","1,126.42","2,27,73,00,000"
nasdaq,12/30/2009,2284.560059,2293.02002,2280.159912,2291.280029,2291.280029,1312670000
s&p,12/31/2009,"1,126.60","1,127.64","1,114.81","1,115.10","1,115.10","2,07,69,90,000"
nasdaq,12/31/2009,2292.919922,2293.590088,2269.110107,2269.149902,2269.149902,1237820000
